Company,Ticker,Sector,Year,Quarter,Period,quarter_num,time_index,source,Sales,Expenses,Operating Profit,Net Profit,Total Assets,Equity,Borrowings,Total Liabilities,CFO,CFI,CFF,Net Cash Flow,is_synthetic_company,CPI_Combined_Index,CPI_Inflation_Rate,WPI,Repo_Rate,Reverse_Repo_Rate,oil_price,exchange_rate,macro_source,macro_is_synthetic
HDFC Bank,HDFCBANK,Banking,2024,Q1,Q1 2024,1,8096,mock,71849.6,51189.78,20659.82,15494.87,289886.98,144943.49,86966.1,144943.49,21292.61,-12775.56,-4258.52,4258.52,False,172.0,5.0,152.0,6.5,5.84,80.0,83.0,synthetic_placeholder,True
HDFC Bank,HDFCBANK,Banking,2024,Q2,Q2 2024,2,8097,mock,74117.14,52537.08,21580.05,16185.04,298747.28,149373.64,89624.18,149373.64,22159.98,-13295.99,-4432.0,4432.0,False,174.0,4.66,153.2,6.55,5.9,83.91,83.25,synthetic_placeholder,True
HDFC Bank,HDFCBANK,Banking,2024,Q3,Q3 2024,3,8098,mock,75728.91,53875.79,21853.11,16389.83,308334.59,154167.3,92500.38,154167.3,22556.53,-13533.92,-4511.31,4511.31,False,176.15,4.94,154.57,6.45,5.77,83.39,83.26,synthetic_placeholder,True
HDFC Bank,HDFCBANK,Banking,2024,Q4,Q4 2024,4,8099,mock,78517.51,54111.87,24405.64,18304.23,330618.43,165309.22,99185.53,165309.22,24916.6,-14949.96,-4983.32,4983.32,False,178.17,4.58,155.56,6.55,5.93,81.96,83.25,synthetic_placeholder,True
HDFC Bank,HDFCBANK,Banking,2025,Q1,Q1 2025,1,8100,mock,76842.73,54510.56,22332.17,16749.13,315286.25,157643.13,94585.88,157643.13,23054.85,-13832.91,-4610.97,4610.97,False,180.44,5.1,156.66,6.65,6.02,80.81,83.46,synthetic_placeholder,True
HDFC Bank,HDFCBANK,Banking,2025,Q2,Q2 2025,2,8101,mock,79564.0,55285.01,24278.99,18209.25,379563.76,189781.88,113869.13,189781.88,25800.52,-15480.31,-5160.1,5160.1,False,182.71,5.04,157.79,6.45,5.8,82.53,83.77,synthetic_placeholder,True
HDFC Bank,HDFCBANK,Banking,2025,Q3,Q3 2025,3,8102,mock,82517.95,56825.52,25692.43,19269.32,345816.27,172908.13,103744.88,172908.13,26185.65,-15711.39,-5237.13,5237.13,False,184.98,4.95,159.06,6.3,5.68,83.74,84.04,synthetic_placeholder,True
HDFC Bank,HDFCBANK,Banking,2025,Q4,Q4 2025,4,8103,mock,85780.86,60317.04,25463.82,19097.86,356144.43,178072.22,106843.33,178072.22,26220.75,-15732.45,-5244.15,5244.15,False,187.15,4.7,160.35,6.3,5.66,85.12,84.13,synthetic_placeholder,True
Hindustan Unilever,HINDUNILVR,FMCG,2024,Q1,Q1 2024,1,8096,mock,15454.63,12636.17,2818.45,2113.84,62820.23,31410.12,18846.07,31410.12,3370.25,-2022.15,-674.05,674.05,False,172.0,5.0,152.0,6.5,5.84,80.0,83.0,synthetic_placeholder,True
Hindustan Unilever,HINDUNILVR,FMCG,2024,Q2,Q2 2024,2,8097,mock,15585.18,12573.64,3011.54,2258.65,64247.34,32123.67,19274.2,32123.67,3543.6,-2126.16,-708.72,708.72,False,174.0,4.66,153.2,6.55,5.9,83.91,83.25,synthetic_placeholder,True
Hindustan Unilever,HINDUNILVR,FMCG,2024,Q3,Q3 2024,3,8098,mock,16378.93,12950.61,3428.32,2571.24,62766.64,31383.32,18829.99,31383.32,3826.57,-2295.94,-765.31,765.31,False,176.15,4.94,154.57,6.45,5.77,83.39,83.26,synthetic_placeholder,True
Hindustan Unilever,HINDUNILVR,FMCG,2024,Q4,Q4 2024,4,8099,mock,16554.58,13188.82,3365.75,2524.32,69448.25,34724.13,20834.48,34724.13,3913.28,-2347.97,-782.66,782.66,False,178.17,4.58,155.56,6.55,5.93,81.96,83.25,synthetic_placeholder,True
Hindustan Unilever,HINDUNILVR,FMCG,2025,Q1,Q1 2025,1,8100,mock,16647.69,13349.06,3298.63,2473.97,62907.18,31453.59,18872.16,31453.59,3732.12,-2239.27,-746.42,746.42,False,180.44,5.1,156.66,6.65,6.02,80.81,83.46,synthetic_placeholder,True
Hindustan Unilever,HINDUNILVR,FMCG,2025,Q2,Q2 2025,2,8101,mock,16383.22,12973.46,3409.76,2557.32,69976.81,34988.41,20993.04,34988.41,3956.86,-2374.11,-791.37,791.37,False,182.71,5.04,157.79,6.45,5.8,82.53,83.77,synthetic_placeholder,True
Hindustan Unilever,HINDUNILVR,FMCG,2025,Q3,Q3 2025,3,8102,mock,16675.5,13173.05,3502.44,2626.83,67908.07,33954.04,20372.42,33954.04,3984.99,-2391.0,-797.0,797.0,False,184.98,4.95,159.06,6.3,5.68,83.74,84.04,synthetic_placeholder,True
Hindustan Unilever,HINDUNILVR,FMCG,2025,Q4,Q4 2025,4,8103,mock,16686.27,13288.72,3397.56,2548.17,71877.92,35938.96,21563.38,35938.96,3985.73,-2391.44,-797.15,797.15,False,187.15,4.7,160.35,6.3,5.66,85.12,84.13,synthetic_placeholder,True
ICICI Bank,ICICIBANK,Banking,2024,Q1,Q1 2024,1,8096,mock,49840.76,36003.38,13837.38,10378.04,194524.87,97262.44,58357.46,97262.44,14268.53,-8561.12,-2853.71,2853.71,False,172.0,5.0,152.0,6.5,5.84,80.0,83.0,synthetic_placeholder,True
ICICI Bank,ICICIBANK,Banking,2024,Q2,Q2 2024,2,8097,mock,50960.0,35511.65,15448.35,11586.26,184808.82,92404.41,55442.65,92404.41,15282.44,-9169.46,-3056.49,3056.49,False,174.0,4.66,153.2,6.55,5.9,83.91,83.25,synthetic_placeholder,True
ICICI Bank,ICICIBANK,Banking,2024,Q3,Q3 2024,3,8098,mock,53028.35,39035.61,13992.74,10494.56,207108.25,103554.13,62132.48,103554.13,14636.72,-8782.03,-2927.34,2927.34,False,176.15,4.94,154.57,6.45,5.77,83.39,83.26,synthetic_placeholder,True
ICICI Bank,ICICIBANK,Banking,2024,Q4,Q4 2024,4,8099,mock,55821.28,40155.44,15665.84,11749.38,211252.89,105626.44,63375.87,105626.44,15974.44,-9584.66,-3194.89,3194.89,False,178.17,4.58,155.56,6.55,5.93,81.96,83.25,synthetic_placeholder,True
ICICI Bank,ICICIBANK,Banking,2025,Q1,Q1 2025,1,8100,mock,55739.83,39753.87,15985.96,11989.47,214817.21,107408.6,64445.16,107408.6,16285.81,-9771.49,-3257.16,3257.16,False,180.44,5.1,156.66,6.65,6.02,80.81,83.46,synthetic_placeholder,True
ICICI Bank,ICICIBANK,Banking,2025,Q2,Q2 2025,2,8101,mock,57216.58,41169.87,16046.72,12035.04,221409.87,110704.93,66422.96,110704.93,16463.24,-9877.94,-3292.65,3292.65,False,182.71,5.04,157.79,6.45,5.8,82.53,83.77,synthetic_placeholder,True
ICICI Bank,ICICIBANK,Banking,2025,Q3,Q3 2025,3,8102,mock,62040.99,44276.22,17764.77,13323.58,223035.59,111517.8,66910.68,111517.8,17784.29,-10670.57,-3556.86,3556.86,False,184.98,4.95,159.06,6.3,5.68,83.74,84.04,synthetic_placeholder,True
ICICI Bank,ICICIBANK,Banking,2025,Q4,Q4 2025,4,8103,mock,63628.85,46233.86,17394.99,13046.24,265363.25,132681.63,79608.98,132681.63,18353.51,-11012.1,-3670.7,3670.7,False,187.15,4.7,160.35,6.3,5.66,85.12,84.13,synthetic_placeholder,True
ITC,ITC,FMCG,2024,Q1,Q1 2024,1,8096,mock,18340.65,11634.46,6706.19,5029.65,63753.05,31876.52,19125.91,31876.52,6304.71,-3782.82,-1260.94,1260.94,False,172.0,5.0,152.0,6.5,5.84,80.0,83.0,synthetic_placeholder,True
ITC,ITC,FMCG,2024,Q2,Q2 2024,2,8097,mock,19159.69,12437.12,6722.57,5041.93,75493.0,37746.5,22647.9,37746.5,6551.79,-3931.07,-1310.36,1310.36,False,174.0,4.66,153.2,6.55,5.9,83.91,83.25,synthetic_placeholder,True
ITC,ITC,FMCG,2024,Q3,Q3 2024,3,8098,mock,19595.63,13126.64,6468.99,4851.75,77521.6,38760.8,23256.48,38760.8,6402.18,-3841.31,-1280.44,1280.44,False,176.15,4.94,154.57,6.45,5.77,83.39,83.26,synthetic_placeholder,True
ITC,ITC,FMCG,2024,Q4,Q4 2024,4,8099,mock,20197.48,12829.86,7367.62,5525.71,78696.37,39348.18,23608.91,39348.18,7099.64,-4259.78,-1419.93,1419.93,False,178.17,4.58,155.56,6.55,5.93,81.96,83.25,synthetic_placeholder,True
ITC,ITC,FMCG,2025,Q1,Q1 2025,1,8100,mock,20111.54,13173.41,6938.13,5203.6,84128.2,42064.1,25238.46,42064.1,6886.16,-4131.7,-1377.23,1377.23,False,180.44,5.1,156.66,6.65,6.02,80.81,83.46,synthetic_placeholder,True
ITC,ITC,FMCG,2025,Q2,Q2 2025,2,8101,mock,20712.12,13572.61,7139.52,5354.64,84974.67,42487.33,25492.4,42487.33,7054.13,-4232.48,-1410.83,1410.83,False,182.71,5.04,157.79,6.45,5.8,82.53,83.77,synthetic_placeholder,True
ITC,ITC,FMCG,2025,Q3,Q3 2025,3,8102,mock,21186.69,13566.12,7620.56,5715.42,81771.91,40885.96,24531.57,40885.96,7350.86,-4410.52,-1470.17,1470.17,False,184.98,4.95,159.06,6.3,5.68,83.74,84.04,synthetic_placeholder,True
ITC,ITC,FMCG,2025,Q4,Q4 2025,4,8103,mock,21402.16,13995.32,7406.84,5555.13,79344.16,39672.08,23803.25,39672.08,7142.01,-4285.21,-1428.4,1428.4,False,187.15,4.7,160.35,6.3,5.66,85.12,84.13,synthetic_placeholder,True
Infosys,INFY,Tech,2024,Q1,Q1 2024,1,8096,mock,40146.74,31269.93,8876.81,6657.61,151345.23,75672.62,45403.57,75672.62,9684.52,-5810.71,-1936.9,1936.9,False,172.0,5.0,152.0,6.5,5.84,80.0,83.0,synthetic_placeholder,True
Infosys,INFY,Tech,2024,Q2,Q2 2024,2,8097,mock,41402.17,32542.37,8859.8,6644.85,163193.32,81596.66,48958.0,81596.66,9908.72,-5945.23,-1981.74,1981.74,False,174.0,4.66,153.2,6.55,5.9,83.91,83.25,synthetic_placeholder,True
Infosys,INFY,Tech,2024,Q3,Q3 2024,3,8098,mock,41482.85,31588.25,9894.61,7420.95,165819.43,82909.71,49745.83,82909.71,10737.34,-6442.41,-2147.47,2147.47,False,176.15,4.94,154.57,6.45,5.77,83.39,83.26,synthetic_placeholder,True
Infosys,INFY,Tech,2024,Q4,Q4 2024,4,8099,mock,40996.2,31639.83,9356.38,7017.28,153974.82,76987.41,46192.45,76987.41,10096.78,-6058.07,-2019.36,2019.36,False,178.17,4.58,155.56,6.55,5.93,81.96,83.25,synthetic_placeholder,True
Infosys,INFY,Tech,2025,Q1,Q1 2025,1,8100,mock,42073.01,33641.44,8431.57,6323.68,157115.87,78557.93,47134.76,78557.93,9465.99,-5679.6,-1893.2,1893.2,False,180.44,5.1,156.66,6.65,6.02,80.81,83.46,synthetic_placeholder,True
Infosys,INFY,Tech,2025,Q2,Q2 2025,2,8101,mock,43162.94,33348.35,9814.59,7360.94,174131.12,87065.56,52239.34,87065.56,10843.57,-6506.14,-2168.71,2168.71,False,182.71,5.04,157.79,6.45,5.8,82.53,83.77,synthetic_placeholder,True
Infosys,INFY,Tech,2025,Q3,Q3 2025,3,8102,mock,43876.45,34355.74,9520.71,7140.53,162531.34,81265.67,48759.4,81265.67,10391.16,-6234.69,-2078.23,2078.23,False,184.98,4.95,159.06,6.3,5.68,83.74,84.04,synthetic_placeholder,True
Infosys,INFY,Tech,2025,Q4,Q4 2025,4,8103,mock,43806.45,34370.82,9435.63,7076.72,184487.56,92243.78,55346.27,92243.78,10766.47,-6459.88,-2153.29,2153.29,False,187.15,4.7,160.35,6.3,5.66,85.12,84.13,synthetic_placeholder,True
Maruti Suzuki,MARUTI,Auto,2024,Q1,Q1 2024,1,8096,mock,35442.34,31810.83,3631.52,2723.64,135464.07,67732.04,40639.22,67732.04,5432.92,-3259.75,-1086.58,1086.58,False,172.0,5.0,152.0,6.5,5.84,80.0,83.0,synthetic_placeholder,True
Maruti Suzuki,MARUTI,Auto,2024,Q2,Q2 2024,2,8097,mock,35283.76,31429.75,3854.01,2890.51,143542.48,71771.24,43062.74,71771.24,5761.36,-3456.81,-1152.27,1152.27,False,174.0,4.66,153.2,6.55,5.9,83.91,83.25,synthetic_placeholder,True
Maruti Suzuki,MARUTI,Auto,2024,Q3,Q3 2024,3,8098,mock,36282.32,31991.14,4291.18,3218.38,145223.62,72611.81,43567.09,72611.81,6122.85,-3673.71,-1224.57,1224.57,False,176.15,4.94,154.57,6.45,5.77,83.39,83.26,synthetic_placeholder,True
Maruti Suzuki,MARUTI,Auto,2024,Q4,Q4 2024,4,8099,mock,38590.09,34447.31,4142.78,3107.08,175354.69,87677.34,52606.41,87677.34,6614.18,-3968.51,-1322.84,1322.84,False,178.17,4.58,155.56,6.55,5.93,81.96,83.25,synthetic_placeholder,True
Maruti Suzuki,MARUTI,Auto,2025,Q1,Q1 2025,1,8100,mock,40086.23,36020.35,4065.88,3049.41,151759.32,75879.66,45527.79,75879.66,6084.6,-3650.76,-1216.92,1216.92,False,180.44,5.1,156.66,6.65,6.02,80.81,83.46,synthetic_placeholder,True
Maruti Suzuki,MARUTI,Auto,2025,Q2,Q2 2025,2,8101,mock,41468.17,36999.34,4468.83,3351.62,171794.34,85897.17,51538.3,85897.17,6787.51,-4072.51,-1357.5,1357.5,False,182.71,5.04,157.79,6.45,5.8,82.53,83.77,synthetic_placeholder,True
Maruti Suzuki,MARUTI,Auto,2025,Q3,Q3 2025,3,8102,mock,42886.26,38200.01,4686.26,3514.69,164281.89,82140.94,49284.57,82140.94,6800.33,-4080.2,-1360.07,1360.07,False,184.98,4.95,159.06,6.3,5.68,83.74,84.04,synthetic_placeholder,True
Maruti Suzuki,MARUTI,Auto,2025,Q4,Q4 2025,4,8103,mock,41795.0,37384.17,4410.83,3308.12,174338.66,87169.33,52301.6,87169.33,6794.9,-4076.94,-1358.98,1358.98,False,187.15,4.7,160.35,6.3,5.66,85.12,84.13,synthetic_placeholder,True
ONGC,ONGC,Energy,2024,Q1,Q1 2024,1,8096,mock,166996.95,148475.97,18520.99,13890.74,714840.29,357420.14,214452.09,357420.14,28187.54,-16912.53,-5637.51,5637.51,False,172.0,5.0,152.0,6.5,5.84,80.0,83.0,synthetic_placeholder,True
ONGC,ONGC,Energy,2024,Q2,Q2 2024,2,8097,mock,163313.75,142757.68,20556.07,15417.05,724801.29,362400.64,217440.39,362400.64,29913.08,-17947.85,-5982.62,5982.62,False,174.0,4.66,153.2,6.55,5.9,83.91,83.25,synthetic_placeholder,True
ONGC,ONGC,Energy,2024,Q3,Q3 2024,3,8098,mock,161726.98,143235.59,18491.38,13868.54,650131.17,325065.58,195039.35,325065.58,26871.16,-16122.7,-5374.23,5374.23,False,176.15,4.94,154.57,6.45,5.77,83.39,83.26,synthetic_placeholder,True
ONGC,ONGC,Energy,2024,Q4,Q4 2024,4,8099,mock,162518.75,145536.62,16982.13,12736.6,652303.54,326151.77,195691.06,326151.77,25782.67,-15469.6,-5156.53,5156.53,False,178.17,4.58,155.56,6.55,5.93,81.96,83.25,synthetic_placeholder,True
ONGC,ONGC,Energy,2025,Q1,Q1 2025,1,8100,mock,160589.79,140558.48,20031.32,15023.49,612829.15,306414.57,183848.74,306414.57,27280.07,-16368.04,-5456.01,5456.01,False,180.44,5.1,156.66,6.65,6.02,80.81,83.46,synthetic_placeholder,True
ONGC,ONGC,Energy,2025,Q2,Q2 2025,2,8101,mock,171268.7,152057.92,19210.78,14408.08,674042.99,337021.49,202212.9,337021.49,27888.94,-16733.37,-5577.79,5577.79,False,182.71,5.04,157.79,6.45,5.8,82.53,83.77,synthetic_placeholder,True
ONGC,ONGC,Energy,2025,Q3,Q3 2025,3,8102,mock,178873.97,159610.79,19263.18,14447.39,723633.23,361816.62,217089.97,361816.62,28920.05,-17352.03,-5784.01,5784.01,False,184.98,4.95,159.06,6.3,5.68,83.74,84.04,synthetic_placeholder,True
ONGC,ONGC,Energy,2025,Q4,Q4 2025,4,8103,mock,189465.87,169775.6,19690.27,14767.7,764859.84,382429.92,229457.95,382429.92,30064.9,-18038.94,-6012.98,6012.98,False,187.15,4.7,160.35,6.3,5.66,85.12,84.13,synthetic_placeholder,True
Reliance Industries,RELIANCE,Energy,2024,Q1,Q1 2024,1,8096,mock,226354.39,191810.32,34544.07,25908.05,905649.07,452824.53,271694.72,452824.53,44021.03,-26412.62,-8804.21,8804.21,False,172.0,5.0,152.0,6.5,5.84,80.0,83.0,synthetic_placeholder,True
Reliance Industries,RELIANCE,Energy,2024,Q2,Q2 2024,2,8097,mock,229288.49,198140.5,31147.99,23360.99,897864.12,448932.06,269359.24,448932.06,41318.28,-24790.97,-8263.66,8263.66,False,174.0,4.66,153.2,6.55,5.9,83.91,83.25,synthetic_placeholder,True
Reliance Industries,RELIANCE,Energy,2024,Q3,Q3 2024,3,8098,mock,231516.84,198646.72,32870.12,24652.59,918599.3,459299.65,275579.79,459299.65,43024.58,-25814.75,-8604.92,8604.92,False,176.15,4.94,154.57,6.45,5.77,83.39,83.26,synthetic_placeholder,True
Reliance Industries,RELIANCE,Energy,2024,Q4,Q4 2024,4,8099,mock,238953.52,198603.38,40350.13,30262.6,964157.26,482078.63,289247.18,482078.63,49545.75,-29727.45,-9909.15,9909.15,False,178.17,4.58,155.56,6.55,5.93,81.96,83.25,synthetic_placeholder,True
Reliance Industries,RELIANCE,Energy,2025,Q1,Q1 2025,1,8100,mock,245578.86,208924.86,36654.01,27490.5,888073.52,444036.76,266422.06,444036.76,45251.98,-27151.19,-9050.4,9050.4,False,180.44,5.1,156.66,6.65,6.02,80.81,83.46,synthetic_placeholder,True
Reliance Industries,RELIANCE,Energy,2025,Q2,Q2 2025,2,8101,mock,250295.1,212600.08,37695.02,28271.26,1124487.9,562243.95,337346.37,562243.95,50761.02,-30456.61,-10152.2,10152.2,False,182.71,5.04,157.79,6.45,5.8,82.53,83.77,synthetic_placeholder,True
Reliance Industries,RELIANCE,Energy,2025,Q3,Q3 2025,3,8102,mock,253856.6,215012.61,38843.99,29132.99,1013664.02,506832.01,304099.21,506832.01,49406.27,-29643.76,-9881.25,9881.25,False,184.98,4.95,159.06,6.3,5.68,83.74,84.04,synthetic_placeholder,True
Reliance Industries,RELIANCE,Energy,2025,Q4,Q4 2025,4,8103,mock,250033.43,209670.97,40362.45,30271.84,1037735.39,518867.7,311320.62,518867.7,51026.55,-30615.93,-10205.31,10205.31,False,187.15,4.7,160.35,6.3,5.66,85.12,84.13,synthetic_placeholder,True
TCS,TCS,Tech,2024,Q1,Q1 2024,1,8096,mock,62094.09,46656.42,15437.67,11578.25,256419.87,128209.93,76925.96,128209.93,16706.65,-10023.99,-3341.33,3341.33,False,172.0,5.0,152.0,6.5,5.84,80.0,83.0,synthetic_placeholder,True
TCS,TCS,Tech,2024,Q2,Q2 2024,2,8097,mock,66173.1,49784.77,16388.33,12291.25,261593.69,130796.85,78478.11,130796.85,17523.12,-10513.87,-3504.62,3504.62,False,174.0,4.66,153.2,6.55,5.9,83.91,83.25,synthetic_placeholder,True
TCS,TCS,Tech,2024,Q3,Q3 2024,3,8098,mock,70631.61,52431.65,18199.95,13649.96,275894.48,137947.24,82768.34,137947.24,19167.85,-11500.71,-3833.57,3833.57,False,176.15,4.94,154.57,6.45,5.77,83.39,83.26,synthetic_placeholder,True
TCS,TCS,Tech,2024,Q4,Q4 2024,4,8099,mock,73193.89,55234.61,17959.28,13469.46,285957.86,142978.93,85787.36,142978.93,19188.62,-11513.17,-3837.72,3837.72,False,178.17,4.58,155.56,6.55,5.93,81.96,83.25,synthetic_placeholder,True
TCS,TCS,Tech,2025,Q1,Q1 2025,1,8100,mock,75189.08,57830.39,17358.69,13019.02,274817.31,137408.66,82445.19,137408.66,18515.36,-11109.22,-3703.07,3703.07,False,180.44,5.1,156.66,6.65,6.02,80.81,83.46,synthetic_placeholder,True
TCS,TCS,Tech,2025,Q2,Q2 2025,2,8101,mock,75424.52,57332.31,18092.21,13569.16,306438.48,153219.24,91931.54,153219.24,19697.93,-11818.76,-3939.59,3939.59,False,182.71,5.04,157.79,6.45,5.8,82.53,83.77,synthetic_placeholder,True
TCS,TCS,Tech,2025,Q3,Q3 2025,3,8102,mock,74878.39,57216.31,17662.09,13246.57,321462.66,160731.33,96438.8,160731.33,19675.82,-11805.49,-3935.16,3935.16,False,184.98,4.95,159.06,6.3,5.68,83.74,84.04,synthetic_placeholder,True
TCS,TCS,Tech,2025,Q4,Q4 2025,4,8103,mock,75868.79,56850.36,19018.43,14263.82,281856.37,140928.19,84556.91,140928.19,19900.95,-11940.57,-3980.19,3980.19,False,187.15,4.7,160.35,6.3,5.66,85.12,84.13,synthetic_placeholder,True
Tata Motors,TATAMOTORS,Auto,2024,Q1,Q1 2024,1,8096,mock,102779.65,91698.13,11081.52,8311.14,385691.92,192845.96,115707.58,192845.96,16024.98,-9614.99,-3205.0,3205.0,False,172.0,5.0,152.0,6.5,5.84,80.0,83.0,synthetic_placeholder,True
Tata Motors,TATAMOTORS,Auto,2024,Q2,Q2 2024,2,8097,mock,100763.76,90161.46,10602.3,7951.73,409040.1,204520.05,122712.03,204520.05,16132.53,-9679.52,-3226.51,3226.51,False,174.0,4.66,153.2,6.55,5.9,83.91,83.25,synthetic_placeholder,True
Tata Motors,TATAMOTORS,Auto,2024,Q3,Q3 2024,3,8098,mock,103536.25,92823.93,10712.32,8034.24,400063.57,200031.78,120019.07,200031.78,16035.51,-9621.31,-3207.1,3207.1,False,176.15,4.94,154.57,6.45,5.77,83.39,83.26,synthetic_placeholder,True
Tata Motors,TATAMOTORS,Auto,2024,Q4,Q4 2024,4,8099,mock,106328.38,95383.92,10944.46,8208.34,410122.35,205061.17,123036.7,205061.17,16410.79,-9846.47,-3282.16,3282.16,False,178.17,4.58,155.56,6.55,5.93,81.96,83.25,synthetic_placeholder,True
Tata Motors,TATAMOTORS,Auto,2025,Q1,Q1 2025,1,8100,mock,114406.49,102423.74,11982.74,8987.06,430367.39,215183.69,129110.22,215183.69,17594.41,-10556.64,-3518.88,3518.88,False,180.44,5.1,156.66,6.65,6.02,80.81,83.46,synthetic_placeholder,True
Tata Motors,TATAMOTORS,Auto,2025,Q2,Q2 2025,2,8101,mock,118948.04,108212.6,10735.44,8051.58,494516.59,247258.29,148354.98,247258.29,17941.91,-10765.15,-3588.38,3588.38,False,182.71,5.04,157.79,6.45,5.8,82.53,83.77,synthetic_placeholder,True
Tata Motors,TATAMOTORS,Auto,2025,Q3,Q3 2025,3,8102,mock,125461.38,113944.88,11516.5,8637.37,526018.82,263009.41,157805.65,263009.41,19157.75,-11494.65,-3831.55,3831.55,False,184.98,4.95,159.06,6.3,5.68,83.74,84.04,synthetic_placeholder,True
Tata Motors,TATAMOTORS,Auto,2025,Q4,Q4 2025,4,8103,mock,129524.25,115507.06,14017.19,10512.89,567233.13,283616.57,170169.94,283616.57,21857.56,-13114.53,-4371.51,4371.51,False,187.15,4.7,160.35,6.3,5.66,85.12,84.13,synthetic_placeholder,True
HDFC Bank,HDFCBANK,Banking,2024,Q1,Q1 2024,1,8096,real,117286.88,92125.05,25161.83,20173.54,3438065.55,1525140.04,2234742.61,2922355.71,71744.52,-40161.52,-10653.64,20929.36,False,172.0,5.0,152.0,6.5,5.84,80.0,83.0,synthetic_placeholder,True
HDFC Bank,HDFCBANK,Banking,2024,Q2,Q2 2024,2,8097,real,117271.98,94146.27,23125.72,17986.52,3396859.64,1815136.01,2207958.77,2887330.7,68939.42,-43897.27,-13766.4,11275.74,False,174.0,4.66,153.2,6.55,5.9,83.91,83.25,synthetic_placeholder,True
HDFC Bank,HDFCBANK,Banking,2024,Q3,Q3 2024,3,8098,real,119212.53,95035.39,24177.13,19577.43,3486689.4,1388182.47,2266348.11,2963685.99,71877.77,-34870.26,-12407.29,24600.22,False,176.15,4.94,154.57,6.45,5.77,83.39,83.26,synthetic_placeholder,True
HDFC Bank,HDFCBANK,Banking,2024,Q4,Q4 2024,4,8099,real,123208.95,94807.57,28401.39,18433.84,3521715.18,1470202.94,2289114.87,2993457.91,71259.57,-32492.23,-11189.11,27578.23,False,178.17,4.58,155.56,6.55,5.93,81.96,83.25,synthetic_placeholder,True
HDFC Bank,HDFCBANK,Banking,2025,Q1,Q1 2025,1,8100,real,125176.65,99751.98,25424.67,19772.85,3534223.58,1548175.82,2297245.33,3004090.04,72786.2,-50283.7,-19878.02,2624.48,False,180.44,5.1,156.66,6.65,6.02,80.81,83.46,synthetic_placeholder,True
HDFC Bank,HDFCBANK,Banking,2025,Q2,Q2 2025,2,8101,real,125610.34,98104.97,27505.36,19986.09,3535101.28,1608353.06,2297815.83,3004836.09,73012.61,-41725.53,-11389.66,19897.42,False,182.71,5.04,157.79,6.45,5.8,82.53,83.77,synthetic_placeholder,True
HDFC Bank,HDFCBANK,Banking,2025,Q3,Q3 2025,3,8102,real,125829.84,98508.94,27320.91,19225.66,3538952.05,1304538.69,2300318.83,3008109.24,72309.95,-31415.13,-16061.77,24833.04,False,184.98,4.95,159.06,6.3,5.68,83.74,84.04,synthetic_placeholder,True
HDFC Bank,HDFCBANK,Banking,2025,Q4,Q4 2025,4,8103,real,129324.37,104131.39,25192.98,20210.41,3593943.23,1500141.36,2336063.1,3054851.75,74119.56,-37132.51,-9404.51,27582.54,False,187.15,4.7,160.35,6.3,5.66,85.12,84.13,synthetic_placeholder,True
Hindustan Unilever,HINDUNILVR,FMCG,2024,Q1,Q1 2024,1,8096,real,14601.05,11237.2,3363.85,2456.59,74123.49,37591.07,21317.67,37061.75,3568.44,-1681.78,-876.56,1010.1,False,172.0,5.0,152.0,6.5,5.84,80.0,83.0,synthetic_placeholder,True
Hindustan Unilever,HINDUNILVR,FMCG,2024,Q2,Q2 2024,2,8097,real,15229.71,11980.45,3249.26,2609.69,77409.27,31000.34,17160.48,38704.64,3770.83,-1554.46,-822.71,1393.66,False,174.0,4.66,153.2,6.55,5.9,83.91,83.25,synthetic_placeholder,True
Hindustan Unilever,HINDUNILVR,FMCG,2024,Q3,Q3 2024,3,8098,real,14985.83,11568.25,3417.58,2444.33,76862.3,31054.58,25172.15,38431.15,3597.27,-2449.81,-458.67,688.79,False,176.15,4.94,154.57,6.45,5.77,83.39,83.26,synthetic_placeholder,True
Hindustan Unilever,HINDUNILVR,FMCG,2024,Q4,Q4 2024,4,8099,real,14975.86,11619.06,3356.81,2583.17,76299.16,35202.37,24061.48,38149.58,3727.65,-2083.37,-553.07,1091.21,False,178.17,4.58,155.56,6.55,5.93,81.96,83.25,synthetic_placeholder,True
Hindustan Unilever,HINDUNILVR,FMCG,2025,Q1,Q1 2025,1,8100,real,15278.34,11685.08,3593.26,2478.7,76970.04,36645.21,20385.46,38485.02,3633.25,-2420.2,-930.02,283.03,False,180.44,5.1,156.66,6.65,6.02,80.81,83.46,synthetic_placeholder,True
Hindustan Unilever,HINDUNILVR,FMCG,2025,Q2,Q2 2025,2,8101,real,15299.72,11785.51,3514.21,2599.22,78187.45,42478.36,21399.25,39093.72,3772.03,-2246.58,-546.39,979.06,False,182.71,5.04,157.79,6.45,5.8,82.53,83.77,synthetic_placeholder,True
Hindustan Unilever,HINDUNILVR,FMCG,2025,Q3,Q3 2025,3,8102,real,15230.97,11648.05,3582.92,2653.45,78847.56,39279.39,21339.23,39423.78,3836.16,-2291.28,-819.64,725.24,False,184.98,4.95,159.06,6.3,5.68,83.74,84.04,synthetic_placeholder,True
Hindustan Unilever,HINDUNILVR,FMCG,2025,Q4,Q4 2025,4,8103,real,15384.69,12002.65,3382.03,2522.68,79595.31,35511.04,21256.53,39797.66,3716.61,-2481.26,-840.8,394.55,False,187.15,4.7,160.35,6.3,5.66,85.12,84.13,synthetic_placeholder,True
ICICI Bank,ICICIBANK,Banking,2024,Q1,Q1 2024,1,8096,real,59493.86,45632.3,13861.56,10770.65,2274016.74,1083546.71,1478110.88,1932914.23,44880.9,-24301.79,-8184.85,12394.26,False,172.0,5.0,152.0,6.5,5.84,80.0,83.0,synthetic_placeholder,True
ICICI Bank,ICICIBANK,Banking,2024,Q2,Q2 2024,2,8097,real,61072.91,46615.13,14457.78,10914.66,2308969.42,1049032.9,1500830.13,1962624.01,45549.2,-26069.72,-12223.85,7255.64,False,174.0,4.66,153.2,6.55,5.9,83.91,83.25,synthetic_placeholder,True
ICICI Bank,ICICIBANK,Banking,2024,Q3,Q3 2024,3,8098,real,62401.37,47759.42,14641.96,10884.14,2335852.18,1097202.58,1518303.92,1985474.36,45921.92,-27532.91,-9396.23,8992.79,False,176.15,4.94,154.57,6.45,5.77,83.39,83.26,synthetic_placeholder,True
ICICI Bank,ICICIBANK,Banking,2024,Q4,Q4 2024,4,8099,real,64424.58,49252.59,15171.99,11781.04,2359332.69,821269.02,1533566.25,2005432.79,47171.03,-25415.94,-7560.36,14194.73,False,178.17,4.58,155.56,6.55,5.93,81.96,83.25,synthetic_placeholder,True
ICICI Bank,ICICIBANK,Banking,2025,Q1,Q1 2025,1,8100,real,65414.68,48699.61,16715.07,11676.14,2386759.12,1173021.17,1551393.42,2028745.25,47477.52,-31902.13,-10675.21,4900.19,False,180.44,5.1,156.66,6.65,6.02,80.81,83.46,synthetic_placeholder,True
ICICI Bank,ICICIBANK,Banking,2025,Q2,Q2 2025,2,8101,real,64461.48,48333.35,16128.12,11509.72,2404970.8,1158327.95,1563231.02,2044225.18,47584.29,-31794.29,-12263.4,3526.6,False,182.71,5.04,157.79,6.45,5.8,82.53,83.77,synthetic_placeholder,True
ICICI Bank,ICICIBANK,Banking,2025,Q3,Q3 2025,3,8102,real,64836.18,49906.88,14929.3,11736.07,2417128.68,1096357.14,1571133.64,2054559.37,47993.0,-30175.01,-13215.02,4602.97,False,184.98,4.95,159.06,6.3,5.68,83.74,84.04,synthetic_placeholder,True
ICICI Bank,ICICIBANK,Banking,2025,Q4,Q4 2025,4,8103,real,67154.12,51462.88,15691.24,11786.23,2436912.62,1042475.49,1583993.21,2071375.73,48339.92,-22660.57,-11816.72,13862.63,False,187.15,4.7,160.35,6.3,5.66,85.12,84.13,synthetic_placeholder,True
ITC,ITC,FMCG,2024,Q1,Q1 2024,1,8096,real,17071.6,10156.85,6914.75,4915.63,87312.14,42021.88,18086.02,43656.07,6225.32,-3014.5,-652.81,2558.01,False,172.0,5.0,152.0,6.5,5.84,80.0,83.0,synthetic_placeholder,True
ITC,ITC,FMCG,2024,Q2,Q2 2024,2,8097,real,16962.03,10256.38,6705.66,4887.58,86462.97,40954.21,21300.89,43231.48,6184.52,-4261.67,-1673.54,249.31,False,174.0,4.66,153.2,6.55,5.9,83.91,83.25,synthetic_placeholder,True
ITC,ITC,FMCG,2024,Q3,Q3 2024,3,8098,real,16929.2,10574.65,6354.54,4859.24,87442.5,40285.17,16414.1,43721.25,6170.88,-4201.42,-1476.11,493.35,False,176.15,4.94,154.57,6.45,5.77,83.39,83.26,synthetic_placeholder,True
ITC,ITC,FMCG,2024,Q4,Q4 2024,4,8099,real,16883.88,10264.62,6619.25,4888.84,86549.33,40495.51,24064.11,43274.66,6187.08,-3768.58,-1487.97,930.53,False,178.17,4.58,155.56,6.55,5.93,81.96,83.25,synthetic_placeholder,True
ITC,ITC,FMCG,2025,Q1,Q1 2025,1,8100,real,16671.93,10317.75,6354.18,4865.55,88854.19,42272.59,39330.11,44427.09,6198.36,-3963.78,-1425.58,809.0,False,180.44,5.1,156.66,6.65,6.02,80.81,83.46,synthetic_placeholder,True
ITC,ITC,FMCG,2025,Q2,Q2 2025,2,8101,real,17240.11,10395.4,6844.71,4959.79,89927.38,36992.41,21417.02,44963.69,6308.7,-3617.94,-676.22,2014.54,False,182.71,5.04,157.79,6.45,5.8,82.53,83.77,synthetic_placeholder,True
ITC,ITC,FMCG,2025,Q3,Q3 2025,3,8102,real,18296.81,11493.4,6803.41,5355.42,88646.94,37799.36,26988.34,44323.47,6685.12,-2928.87,-1366.76,2389.48,False,184.98,4.95,159.06,6.3,5.68,83.74,84.04,synthetic_placeholder,True
ITC,ITC,FMCG,2025,Q4,Q4 2025,4,8103,real,18309.5,11035.06,7274.45,5229.45,91146.87,41223.78,19817.15,45573.43,6596.65,-3708.57,-1500.64,1387.43,False,187.15,4.7,160.35,6.3,5.66,85.12,84.13,synthetic_placeholder,True
Infosys,INFY,Tech,2024,Q1,Q1 2024,1,8096,real,37310.13,26378.38,10931.75,7683.66,124613.48,58140.06,37231.68,62306.74,9552.86,-4769.45,-1076.72,3706.69,False,172.0,5.0,152.0,6.5,5.84,80.0,83.0,synthetic_placeholder,True
Infosys,INFY,Tech,2024,Q2,Q2 2024,2,8097,real,37044.23,26978.5,10065.73,7934.84,127962.25,57122.28,38411.28,63981.13,9854.27,-4295.26,-2391.13,3167.88,False,174.0,4.66,153.2,6.55,5.9,83.91,83.25,synthetic_placeholder,True
Infosys,INFY,Tech,2024,Q3,Q3 2024,3,8098,real,37867.64,26542.78,11324.86,7950.58,129494.92,41310.53,37695.34,64747.46,9893.01,-4032.64,-1202.77,4657.59,False,176.15,4.94,154.57,6.45,5.77,83.39,83.26,synthetic_placeholder,True
Infosys,INFY,Tech,2024,Q4,Q4 2024,4,8099,real,38501.58,27694.42,10807.16,8108.25,126191.01,55399.92,33800.97,63095.5,10001.11,-5231.73,-2511.38,2258.0,False,178.17,4.58,155.56,6.55,5.93,81.96,83.25,synthetic_placeholder,True
Infosys,INFY,Tech,2025,Q1,Q1 2025,1,8100,real,38456.54,27739.99,10716.55,8257.13,130427.38,55237.56,35954.05,65213.69,10213.54,-6820.27,-2123.07,1270.2,False,180.44,5.1,156.66,6.65,6.02,80.81,83.46,synthetic_placeholder,True
Infosys,INFY,Tech,2025,Q2,Q2 2025,2,8101,real,38493.42,27699.58,10793.84,8013.4,129329.14,60112.96,34020.39,64664.57,9953.33,-4002.09,-2012.06,3939.18,False,182.71,5.04,157.79,6.45,5.8,82.53,83.77,synthetic_placeholder,True
Infosys,INFY,Tech,2025,Q3,Q3 2025,3,8102,real,37981.17,27366.29,10614.89,7916.14,131436.98,58086.7,35514.61,65718.49,9887.7,-5493.97,-2379.02,2014.71,False,184.98,4.95,159.06,6.3,5.68,83.74,84.04,synthetic_placeholder,True
Infosys,INFY,Tech,2025,Q4,Q4 2025,4,8103,real,38746.53,27783.6,10962.93,7770.33,133714.54,60574.22,49897.2,66857.27,9776.04,-4061.39,-1522.42,4192.23,False,187.15,4.7,160.35,6.3,5.66,85.12,84.13,synthetic_placeholder,True
Maruti Suzuki,MARUTI,Auto,2024,Q1,Q1 2024,1,8096,real,35720.89,30379.05,5341.84,3678.2,94288.94,49742.85,24117.58,47144.47,5092.53,-2831.7,-1377.21,883.63,False,172.0,5.0,152.0,6.5,5.84,80.0,83.0,synthetic_placeholder,True
Maruti Suzuki,MARUTI,Auto,2024,Q2,Q2 2024,2,8097,real,37728.94,31906.59,5822.35,3775.31,96882.22,46723.27,30850.36,48441.11,5228.54,-3195.81,-745.55,1287.18,False,174.0,4.66,153.2,6.55,5.9,83.91,83.25,synthetic_placeholder,True
Maruti Suzuki,MARUTI,Auto,2024,Q3,Q3 2024,3,8098,real,39093.54,34434.38,4659.15,3729.23,94923.98,41437.13,27136.59,47461.99,5153.09,-2855.83,-1322.96,974.31,False,176.15,4.94,154.57,6.45,5.77,83.39,83.26,synthetic_placeholder,True
Maruti Suzuki,MARUTI,Auto,2024,Q4,Q4 2024,4,8099,real,40953.31,35917.44,5035.86,3800.14,97795.65,45886.04,24289.04,48897.82,5267.07,-2885.23,-873.02,1508.83,False,178.17,4.58,155.56,6.55,5.93,81.96,83.25,synthetic_placeholder,True
Maruti Suzuki,MARUTI,Auto,2025,Q1,Q1 2025,1,8100,real,40499.16,34689.0,5810.16,4177.16,97871.4,41527.49,19284.51,48935.7,5645.23,-3776.87,-1099.65,768.72,False,180.44,5.1,156.66,6.65,6.02,80.81,83.46,synthetic_placeholder,True
Maruti Suzuki,MARUTI,Auto,2025,Q2,Q2 2025,2,8101,real,40308.23,34592.22,5716.01,3976.71,98959.11,44002.02,19617.44,49479.55,5461.1,-2522.48,-943.97,1994.64,False,182.71,5.04,157.79,6.45,5.8,82.53,83.77,synthetic_placeholder,True
Maruti Suzuki,MARUTI,Auto,2025,Q3,Q3 2025,3,8102,real,42496.74,36669.6,5827.14,4156.62,100915.48,44845.18,24113.91,50457.74,5670.35,-3639.57,-1415.61,615.16,False,184.98,4.95,159.06,6.3,5.68,83.74,84.04,synthetic_placeholder,True
Maruti Suzuki,MARUTI,Auto,2025,Q4,Q4 2025,4,8103,real,42683.3,37091.41,5591.89,4265.5,99310.1,37165.86,31614.75,49655.05,5755.15,-3100.65,-1435.88,1218.63,False,187.15,4.7,160.35,6.3,5.66,85.12,84.13,synthetic_placeholder,True
ONGC,ONGC,Energy,2024,Q1,Q1 2024,1,8096,real,161921.5,147513.38,14408.11,10962.19,654092.59,267229.69,145202.63,327046.29,20773.58,-12987.32,-5429.53,2356.73,False,172.0,5.0,152.0,6.5,5.84,80.0,83.0,synthetic_placeholder,True
ONGC,ONGC,Energy,2024,Q2,Q2 2024,2,8097,real,164282.63,149976.51,14306.12,11503.84,652616.33,311529.58,156556.37,326308.17,21293.08,-14000.71,-3956.23,3336.14,False,174.0,4.66,153.2,6.55,5.9,83.91,83.25,synthetic_placeholder,True
ONGC,ONGC,Energy,2024,Q3,Q3 2024,3,8098,real,169458.9,153522.28,15936.62,11889.87,663139.26,321024.15,155497.31,331569.63,21836.96,-11284.48,-2231.03,8321.45,False,176.15,4.94,154.57,6.45,5.77,83.39,83.26,synthetic_placeholder,True
ONGC,ONGC,Energy,2024,Q4,Q4 2024,4,8099,real,173099.44,158453.9,14645.54,11099.37,673484.58,275515.11,238830.67,336742.29,21201.64,-10345.62,-3513.81,7342.21,False,178.17,4.58,155.56,6.55,5.93,81.96,83.25,synthetic_placeholder,True
ONGC,ONGC,Energy,2025,Q1,Q1 2025,1,8100,real,179705.3,162844.32,16860.98,11996.58,680247.62,305694.89,139544.15,340123.81,22200.29,-9263.46,-4659.97,8276.86,False,180.44,5.1,156.66,6.65,6.02,80.81,83.46,synthetic_placeholder,True
ONGC,ONGC,Energy,2025,Q2,Q2 2025,2,8101,real,185905.56,170207.97,15697.59,11063.03,680306.54,320183.94,150901.36,340153.27,21267.63,-12451.46,-2556.89,6259.28,False,182.71,5.04,157.79,6.45,5.8,82.53,83.77,synthetic_placeholder,True
ONGC,ONGC,Energy,2025,Q3,Q3 2025,3,8102,real,189604.96,174277.36,15327.6,11619.21,690598.82,260767.2,124050.06,345299.41,21978.2,-14150.44,-6361.58,1466.17,False,184.98,4.95,159.06,6.3,5.68,83.74,84.04,synthetic_placeholder,True
ONGC,ONGC,Energy,2025,Q4,Q4 2025,4,8103,real,189724.62,173830.51,15894.11,12368.32,705761.1,347857.64,170796.36,352880.55,22954.74,-9947.65,-4557.09,8450.0,False,187.15,4.7,160.35,6.3,5.66,85.12,84.13,synthetic_placeholder,True
Reliance Industries,RELIANCE,Energy,2024,Q1,Q1 2024,1,8096,real,244934.35,216218.6,28715.75,20122.17,1714491.37,703582.62,418787.11,857245.68,45839.54,-18684.43,-13409.43,13745.68,False,172.0,5.0,152.0,6.5,5.84,80.0,83.0,synthetic_placeholder,True
Reliance Industries,RELIANCE,Energy,2024,Q2,Q2 2024,2,8097,real,251082.14,219940.03,31142.11,19951.18,1711256.61,729427.81,371913.45,855628.31,45620.03,-25764.73,-11081.98,8773.32,False,174.0,4.66,153.2,6.55,5.9,83.91,83.25,synthetic_placeholder,True
Reliance Industries,RELIANCE,Energy,2024,Q3,Q3 2024,3,8098,real,248516.67,217563.26,30953.41,23875.75,1751902.95,655266.89,395559.18,875951.47,50154.29,-25417.78,-12617.28,12119.23,False,176.15,4.94,154.57,6.45,5.77,83.39,83.26,synthetic_placeholder,True
Reliance Industries,RELIANCE,Energy,2024,Q4,Q4 2024,4,8099,real,254450.35,223122.33,31328.02,20566.61,1749957.71,503876.93,347857.68,874978.86,46815.97,-21158.97,-8743.83,16913.16,False,178.17,4.58,155.56,6.55,5.93,81.96,83.25,synthetic_placeholder,True
Reliance Industries,RELIANCE,Energy,2025,Q1,Q1 2025,1,8100,real,266574.45,239631.08,26943.37,22195.53,1770311.49,924215.31,315481.71,885155.75,48750.2,-26858.48,-13225.83,8665.89,False,180.44,5.1,156.66,6.65,6.02,80.81,83.46,synthetic_placeholder,True
Reliance Industries,RELIANCE,Energy,2025,Q2,Q2 2025,2,8101,real,265340.17,233500.66,31839.51,22940.66,1774286.13,804621.2,409388.7,887143.06,49554.95,-33799.9,-10659.01,5096.04,False,182.71,5.04,157.79,6.45,5.8,82.53,83.77,synthetic_placeholder,True
Reliance Industries,RELIANCE,Energy,2025,Q3,Q3 2025,3,8102,real,277736.95,249131.19,28605.76,26698.13,1766823.38,781661.65,493678.47,883411.69,53200.48,-36620.93,-14953.07,1626.48,False,184.98,4.95,159.06,6.3,5.68,83.74,84.04,synthetic_placeholder,True
Reliance Industries,RELIANCE,Energy,2025,Q4,Q4 2025,4,8103,real,283463.84,252524.61,30939.23,23930.48,1810032.31,761176.08,529398.44,905016.16,51080.96,-22243.18,-12226.1,16611.69,False,187.15,4.7,160.35,6.3,5.66,85.12,84.13,synthetic_placeholder,True
TCS,TCS,Tech,2024,Q1,Q1 2024,1,8096,real,59625.71,43363.92,16261.78,12299.93,147208.39,64520.31,35078.75,73604.2,14508.05,-6056.02,-3964.11,4487.92,False,172.0,5.0,152.0,6.5,5.84,80.0,83.0,synthetic_placeholder,True
TCS,TCS,Tech,2024,Q2,Q2 2024,2,8097,real,62403.32,44818.81,17584.51,12524.34,147244.58,62848.27,33382.34,73622.29,14733.0,-7237.92,-3019.55,4475.53,False,174.0,4.66,153.2,6.55,5.9,83.91,83.25,synthetic_placeholder,True
TCS,TCS,Tech,2024,Q3,Q3 2024,3,8098,real,61186.56,44758.53,16428.03,12113.9,148364.77,60028.21,26614.39,74182.39,14339.37,-7697.68,-3685.72,2955.97,False,176.15,4.94,154.57,6.45,5.77,83.39,83.26,synthetic_placeholder,True
TCS,TCS,Tech,2024,Q4,Q4 2024,4,8099,real,62187.0,46026.7,16160.3,12457.63,149515.66,58677.47,40187.55,74757.83,14700.36,-6167.03,-4259.83,4273.5,False,178.17,4.58,155.56,6.55,5.93,81.96,83.25,synthetic_placeholder,True
TCS,TCS,Tech,2025,Q1,Q1 2025,1,8100,real,62372.76,45457.47,16915.29,12476.96,153593.24,69013.3,30275.45,76796.62,14780.86,-6064.83,-4166.19,4549.84,False,180.44,5.1,156.66,6.65,6.02,80.81,83.46,synthetic_placeholder,True
TCS,TCS,Tech,2025,Q2,Q2 2025,2,8101,real,64334.44,47484.91,16849.53,13130.11,149266.4,57257.2,38785.84,74633.2,15369.11,-10618.14,-3919.53,831.44,False,182.71,5.04,157.79,6.45,5.8,82.53,83.77,synthetic_placeholder,True
TCS,TCS,Tech,2025,Q3,Q3 2025,3,8102,real,66249.64,47976.17,18273.46,13413.49,153237.2,57628.51,32793.96,76618.6,15712.05,-10191.17,-2692.27,2828.61,False,184.98,4.95,159.06,6.3,5.68,83.74,84.04,synthetic_placeholder,True
TCS,TCS,Tech,2025,Q4,Q4 2025,4,8103,real,67698.67,50335.09,17363.58,13855.72,154552.54,64317.64,43364.94,77276.27,16174.01,-6496.4,-4255.26,5422.36,False,187.15,4.7,160.35,6.3,5.66,85.12,84.13,synthetic_placeholder,True
Tata Motors,TATAMOTORS,Auto,2024,Q1,Q1 2024,1,8096,real,115667.79,93229.58,22438.21,17054.86,347104.69,165210.49,113377.22,173552.35,22261.43,-15330.37,-3895.17,3035.88,False,172.0,5.0,152.0,6.5,5.84,80.0,83.0,synthetic_placeholder,True
Tata Motors,TATAMOTORS,Auto,2024,Q2,Q2 2024,2,8097,real,118999.36,96048.81,22950.55,17487.41,353544.51,160821.67,74721.46,176772.26,22790.57,-15743.52,-4663.4,2383.66,False,174.0,4.66,153.2,6.55,5.9,83.91,83.25,synthetic_placeholder,True
Tata Motors,TATAMOTORS,Auto,2024,Q3,Q3 2024,3,8098,real,124238.05,98586.9,25651.15,19455.58,354260.57,174868.7,91812.68,177130.28,24769.49,-10245.5,-3868.81,10655.18,False,176.15,4.94,154.57,6.45,5.77,83.39,83.26,synthetic_placeholder,True
Tata Motors,TATAMOTORS,Auto,2024,Q4,Q4 2024,4,8099,real,131542.76,106708.53,24834.22,18631.02,358339.19,123198.88,80164.87,179169.59,24006.11,-13805.84,-2773.83,7426.44,False,178.17,4.58,155.56,6.55,5.93,81.96,83.25,synthetic_placeholder,True
Tata Motors,TATAMOTORS,Auto,2025,Q1,Q1 2025,1,8100,real,134415.01,105430.2,28984.81,20240.94,361900.07,146598.22,99376.3,180950.04,25669.45,-17282.68,-6789.76,1597.01,False,180.44,5.1,156.66,6.65,6.02,80.81,83.46,synthetic_placeholder,True
Tata Motors,TATAMOTORS,Auto,2025,Q2,Q2 2025,2,8101,real,132882.05,104287.22,28594.83,20162.26,365775.78,133267.94,116204.63,182887.89,25648.9,-17722.73,-6884.78,1041.39,False,182.71,5.04,157.79,6.45,5.8,82.53,83.77,synthetic_placeholder,True
Tata Motors,TATAMOTORS,Auto,2025,Q3,Q3 2025,3,8102,real,134570.88,106411.49,28159.38,18552.1,368776.32,166046.03,93060.35,184388.16,24083.75,-15189.53,-6959.07,1935.14,False,184.98,4.95,159.06,6.3,5.68,83.74,84.04,synthetic_placeholder,True
Tata Motors,TATAMOTORS,Auto,2025,Q4,Q4 2025,4,8103,real,135378.12,107882.35,27495.77,19019.98,373966.79,170534.38,103110.85,186983.39,24629.48,-11541.2,-5771.68,7316.61,False,187.15,4.7,160.35,6.3,5.66,85.12,84.13,synthetic_placeholder,True
SYN Auto 01,SYNAUT01,Auto,2024,Q1,Q1 2024,1,8096,synthetic,76466.91,67388.32,9078.59,6939.21,258209.09,129104.54,77462.73,129104.55,11497.4,-6898.44,-2299.48,2299.48,True,172.0,5.0,152.0,6.5,5.84,80.0,83.0,synthetic_placeholder,True
SYN Auto 01,SYNAUT01,Auto,2024,Q2,Q2 2024,2,8097,synthetic,76008.14,66988.56,9019.57,6719.77,266073.26,134756.07,78520.97,131317.19,11502.22,-6961.19,-2403.61,2137.41,True,174.0,4.66,153.2,6.55,5.9,83.91,83.25,synthetic_placeholder,True
SYN Auto 01,SYNAUT01,Auto,2024,Q3,Q3 2024,3,8098,synthetic,77966.22,68951.06,9015.16,6969.13,271662.44,146426.65,72997.16,125235.79,11536.84,-7114.37,-2348.23,2074.24,True,176.15,4.94,154.57,6.45,5.77,83.39,83.26,synthetic_placeholder,True
SYN Auto 01,SYNAUT01,Auto,2024,Q4,Q4 2024,4,8099,synthetic,81583.45,71901.16,9682.29,7082.69,280613.41,149407.12,74585.61,131206.29,12471.86,-7354.76,-2612.28,2504.81,True,178.17,4.58,155.56,6.55,5.93,81.96,83.25,synthetic_placeholder,True
SYN Auto 01,SYNAUT01,Auto,2025,Q1,Q1 2025,1,8100,synthetic,80312.51,70558.65,9753.86,7156.09,273323.66,143289.5,75362.05,130034.16,12892.51,-7529.91,-2564.06,2798.54,True,180.44,5.1,156.66,6.65,6.02,80.81,83.46,synthetic_placeholder,True
SYN Auto 01,SYNAUT01,Auto,2025,Q2,Q2 2025,2,8101,synthetic,77875.53,68398.9,9476.63,6928.56,269262.35,137714.19,77939.45,131548.16,12610.09,-7261.04,-2482.7,2866.36,True,182.71,5.04,157.79,6.45,5.8,82.53,83.77,synthetic_placeholder,True
SYN Auto 01,SYNAUT01,Auto,2025,Q3,Q3 2025,3,8102,synthetic,77721.66,67943.92,9777.74,6876.52,271676.5,141516.6,78373.53,130159.9,13275.77,-7497.83,-2626.52,3151.43,True,184.98,4.95,159.06,6.3,5.68,83.74,84.04,synthetic_placeholder,True
SYN Auto 01,SYNAUT01,Auto,2025,Q4,Q4 2025,4,8103,synthetic,77807.62,67881.77,9925.84,6743.5,275344.59,148285.08,74979.21,127059.52,13504.18,-7563.87,-2718.69,3221.61,True,187.15,4.7,160.35,6.3,5.66,85.12,84.13,synthetic_placeholder,True
SYN Auto 02,SYNAUT02,Auto,2024,Q1,Q1 2024,1,8096,synthetic,88158.51,77691.82,10466.68,8000.2,297688.61,148844.3,89306.59,148844.31,13255.32,-7953.19,-2651.06,2651.06,True,172.0,5.0,152.0,6.5,5.84,80.0,83.0,synthetic_placeholder,True
SYN Auto 02,SYNAUT02,Auto,2024,Q2,Q2 2024,2,8097,synthetic,91670.19,81086.78,10583.4,8241.68,305187.59,152228.85,90734.06,152958.74,13266.82,-7977.31,-2667.63,2621.87,True,174.0,4.66,153.2,6.55,5.9,83.91,83.25,synthetic_placeholder,True
SYN Auto 02,SYNAUT02,Auto,2024,Q3,Q3 2024,3,8098,synthetic,93613.48,82644.52,10968.95,8531.72,311773.99,147642.04,101156.79,164131.95,14096.75,-8341.71,-2853.22,2901.82,True,176.15,4.94,154.57,6.45,5.77,83.39,83.26,synthetic_placeholder,True
SYN Auto 02,SYNAUT02,Auto,2024,Q4,Q4 2024,4,8099,synthetic,94459.79,83344.39,11115.41,8437.9,319129.78,144564.55,106437.09,174565.23,13544.73,-8071.0,-2853.28,2620.46,True,178.17,4.58,155.56,6.55,5.93,81.96,83.25,synthetic_placeholder,True
SYN Auto 02,SYNAUT02,Auto,2025,Q1,Q1 2025,1,8100,synthetic,97857.48,86103.72,11753.76,8646.2,335037.59,145748.31,117968.34,189289.28,14509.26,-8651.41,-3133.03,2724.82,True,180.44,5.1,156.66,6.65,6.02,80.81,83.46,synthetic_placeholder,True
SYN Auto 02,SYNAUT02,Auto,2025,Q2,Q2 2025,2,8101,synthetic,100127.99,88255.67,11872.32,8745.5,349654.25,147556.22,122423.27,202098.03,14760.14,-9223.92,-3221.33,2314.89,True,182.71,5.04,157.79,6.45,5.8,82.53,83.77,synthetic_placeholder,True
SYN Auto 02,SYNAUT02,Auto,2025,Q3,Q3 2025,3,8102,synthetic,99097.57,87291.54,11806.03,8344.98,345033.5,147352.52,119009.57,197680.98,14416.1,-8944.23,-3284.36,2187.51,True,184.98,4.95,159.06,6.3,5.68,83.74,84.04,synthetic_placeholder,True
SYN Auto 02,SYNAUT02,Auto,2025,Q4,Q4 2025,4,8103,synthetic,96770.99,85025.77,11745.22,8268.11,332654.21,138206.61,113726.62,194447.61,13719.67,-8250.78,-3014.23,2454.67,True,187.15,4.7,160.35,6.3,5.66,85.12,84.13,synthetic_placeholder,True
SYN Auto 03,SYNAUT03,Auto,2024,Q1,Q1 2024,1,8096,synthetic,54942.88,48419.75,6523.13,4985.95,185527.97,92763.98,55658.39,92763.99,8261.09,-4956.66,-1652.22,1652.22,True,172.0,5.0,152.0,6.5,5.84,80.0,83.0,synthetic_placeholder,True
SYN Auto 03,SYNAUT03,Auto,2024,Q2,Q2 2024,2,8097,synthetic,54769.02,48205.37,6563.65,5010.09,184060.75,94743.62,54938.32,89317.12,8423.64,-5036.2,-1762.35,1625.1,True,174.0,4.66,153.2,6.55,5.9,83.91,83.25,synthetic_placeholder,True
SYN Auto 03,SYNAUT03,Auto,2024,Q3,Q3 2024,3,8098,synthetic,54696.31,47976.56,6719.75,4881.42,178105.31,90304.88,52542.52,87800.43,8506.27,-5129.2,-1789.42,1587.65,True,176.15,4.94,154.57,6.45,5.77,83.39,83.26,synthetic_placeholder,True
SYN Auto 03,SYNAUT03,Auto,2024,Q4,Q4 2024,4,8099,synthetic,53324.48,46380.84,6943.65,4699.68,164914.6,80644.35,51839.33,84270.25,8466.51,-5305.25,-1715.63,1445.63,True,178.17,4.58,155.56,6.55,5.93,81.96,83.25,synthetic_placeholder,True
SYN Auto 03,SYNAUT03,Auto,2025,Q1,Q1 2025,1,8100,synthetic,54035.74,46384.4,7651.34,4674.92,164676.22,78196.22,53813.04,86480.0,8971.74,-5658.84,-1743.39,1569.51,True,180.44,5.1,156.66,6.65,6.02,80.81,83.46,synthetic_placeholder,True
SYN Auto 03,SYNAUT03,Auto,2025,Q2,Q2 2025,2,8101,synthetic,54636.27,46803.72,7832.56,4706.91,166237.71,77220.26,55131.69,89017.45,9231.78,-5751.07,-1882.77,1597.94,True,182.71,5.04,157.79,6.45,5.8,82.53,83.77,synthetic_placeholder,True
SYN Auto 03,SYNAUT03,Auto,2025,Q3,Q3 2025,3,8102,synthetic,53477.26,46038.44,7438.82,4754.39,171341.11,84673.08,53610.98,86668.03,9183.05,-5910.58,-1969.67,1302.8,True,184.98,4.95,159.06,6.3,5.68,83.74,84.04,synthetic_placeholder,True
SYN Auto 03,SYNAUT03,Auto,2025,Q4,Q4 2025,4,8103,synthetic,52087.05,45305.04,6782.01,4652.61,167539.14,80754.04,52628.85,86785.09,8412.42,-5484.22,-1794.66,1133.54,True,187.15,4.7,160.35,6.3,5.66,85.12,84.13,synthetic_placeholder,True
SYN Auto 04,SYNAUT04,Auto,2024,Q1,Q1 2024,1,8096,synthetic,60104.91,52968.91,7136.0,5454.4,202958.83,101479.41,60887.65,101479.42,9037.25,-5422.35,-1807.45,1807.45,True,172.0,5.0,152.0,6.5,5.84,80.0,83.0,synthetic_placeholder,True
SYN Auto 04,SYNAUT04,Auto,2024,Q2,Q2 2024,2,8097,synthetic,63503.01,55887.21,7615.79,5552.05,212325.41,106935.02,61615.61,105390.39,9455.6,-5374.19,-1824.65,2256.75,True,174.0,4.66,153.2,6.55,5.9,83.91,83.25,synthetic_placeholder,True
SYN Auto 04,SYNAUT04,Auto,2024,Q3,Q3 2024,3,8098,synthetic,64175.63,56154.19,8021.44,5463.04,221029.33,111908.32,63246.66,109121.01,9317.68,-5062.73,-1778.17,2476.78,True,176.15,4.94,154.57,6.45,5.77,83.39,83.26,synthetic_placeholder,True
SYN Auto 04,SYNAUT04,Auto,2024,Q4,Q4 2024,4,8099,synthetic,63721.76,55735.41,7986.35,5370.04,223009.1,109237.52,63047.06,113771.58,9231.65,-5336.39,-1779.81,2115.45,True,178.17,4.58,155.56,6.55,5.93,81.96,83.25,synthetic_placeholder,True
SYN Auto 04,SYNAUT04,Auto,2025,Q1,Q1 2025,1,8100,synthetic,65158.5,56834.32,8324.18,5641.99,237186.6,116497.54,65695.21,120689.06,9315.48,-5176.87,-1889.11,2249.49,True,180.44,5.1,156.66,6.65,6.02,80.81,83.46,synthetic_placeholder,True
SYN Auto 04,SYNAUT04,Auto,2025,Q2,Q2 2025,2,8101,synthetic,65901.86,58000.53,7901.33,5479.29,238780.58,118083.45,66321.66,120697.13,8701.82,-4676.73,-1712.42,2312.67,True,182.71,5.04,157.79,6.45,5.8,82.53,83.77,synthetic_placeholder,True
SYN Auto 04,SYNAUT04,Auto,2025,Q3,Q3 2025,3,8102,synthetic,66928.35,58915.68,8012.67,5569.75,237436.88,126286.93,63285.04,111149.95,8592.31,-4872.35,-1678.43,2041.53,True,184.98,4.95,159.06,6.3,5.68,83.74,84.04,synthetic_placeholder,True
SYN Auto 04,SYNAUT04,Auto,2025,Q4,Q4 2025,4,8103,synthetic,67845.41,59928.42,7916.99,5564.06,239073.82,134317.23,58340.3,104756.59,8465.7,-5218.93,-1692.26,1554.5,True,187.15,4.7,160.35,6.3,5.66,85.12,84.13,synthetic_placeholder,True
SYN Auto 05,SYNAUT05,Auto,2024,Q1,Q1 2024,1,8096,synthetic,80027.89,70526.52,9501.37,7262.36,270233.62,135116.8,81070.09,135116.82,12032.82,-7219.69,-2406.56,2406.56,True,172.0,5.0,152.0,6.5,5.84,80.0,83.0,synthetic_placeholder,True
SYN Auto 05,SYNAUT05,Auto,2024,Q2,Q2 2024,2,8097,synthetic,80875.88,71138.0,9737.88,7409.0,282855.97,139427.37,89856.13,143428.6,12453.69,-7397.24,-2523.54,2532.91,True,174.0,4.66,153.2,6.55,5.9,83.91,83.25,synthetic_placeholder,True
SYN Auto 05,SYNAUT05,Auto,2024,Q3,Q3 2024,3,8098,synthetic,81842.54,71688.88,10153.66,7475.68,288493.05,143331.11,83939.53,145161.94,13658.34,-8429.19,-2836.39,2392.76,True,176.15,4.94,154.57,6.45,5.77,83.39,83.26,synthetic_placeholder,True
SYN Auto 05,SYNAUT05,Auto,2024,Q4,Q4 2024,4,8099,synthetic,80336.96,70323.61,10013.34,7798.95,287264.98,142945.61,82859.34,144319.37,12849.78,-8068.81,-2644.74,2136.24,True,178.17,4.58,155.56,6.55,5.93,81.96,83.25,synthetic_placeholder,True
SYN Auto 05,SYNAUT05,Auto,2025,Q1,Q1 2025,1,8100,synthetic,79923.03,69856.15,10066.88,8124.99,270827.58,133584.97,79213.56,137242.61,13253.26,-8754.66,-2733.23,1765.37,True,180.44,5.1,156.66,6.65,6.02,80.81,83.46,synthetic_placeholder,True
SYN Auto 05,SYNAUT05,Auto,2025,Q2,Q2 2025,2,8101,synthetic,79984.09,69893.46,10090.63,8225.32,278575.56,136980.04,82451.68,141595.52,13153.6,-8995.74,-2655.92,1501.94,True,182.71,5.04,157.79,6.45,5.8,82.53,83.77,synthetic_placeholder,True
SYN Auto 05,SYNAUT05,Auto,2025,Q3,Q3 2025,3,8102,synthetic,81278.74,71024.75,10253.99,8167.12,286943.85,140028.28,84595.05,146915.57,13341.95,-9244.75,-2773.93,1323.28,True,184.98,4.95,159.06,6.3,5.68,83.74,84.04,synthetic_placeholder,True
SYN Auto 05,SYNAUT05,Auto,2025,Q4,Q4 2025,4,8103,synthetic,81620.92,71546.66,10074.26,7927.8,278552.69,136555.56,77453.94,141997.14,12694.05,-9255.99,-2545.93,892.13,True,187.15,4.7,160.35,6.3,5.66,85.12,84.13,synthetic_placeholder,True
SYN Auto 06,SYNAUT06,Auto,2024,Q1,Q1 2024,1,8096,synthetic,90380.61,79650.1,10730.5,8201.85,305192.07,152596.03,91557.63,152596.05,13589.43,-8153.66,-2717.89,2717.89,True,172.0,5.0,152.0,6.5,5.84,80.0,83.0,synthetic_placeholder,True
SYN Auto 06,SYNAUT06,Auto,2024,Q2,Q2 2024,2,8097,synthetic,91757.44,81246.51,10510.94,8022.89,310510.86,162129.89,89654.63,148380.96,12888.65,-7735.84,-2422.79,2730.02,True,174.0,4.66,153.2,6.55,5.9,83.91,83.25,synthetic_placeholder,True
SYN Auto 06,SYNAUT06,Auto,2024,Q3,Q3 2024,3,8098,synthetic,96060.69,85227.9,10832.78,8230.04,329109.55,173739.96,94638.66,155369.59,13233.49,-8259.49,-2607.34,2366.66,True,176.15,4.94,154.57,6.45,5.77,83.39,83.26,synthetic_placeholder,True
SYN Auto 06,SYNAUT06,Auto,2024,Q4,Q4 2024,4,8099,synthetic,101077.05,89161.79,11915.25,8740.88,363086.49,196544.82,98816.37,166541.68,15202.76,-9732.47,-2954.21,2516.08,True,178.17,4.58,155.56,6.55,5.93,81.96,83.25,synthetic_placeholder,True
SYN Auto 06,SYNAUT06,Auto,2025,Q1,Q1 2025,1,8100,synthetic,109327.61,96193.27,13134.35,9782.05,368415.49,196013.6,101840.75,172401.89,16384.38,-10753.81,-3194.12,2436.44,True,180.44,5.1,156.66,6.65,6.02,80.81,83.46,synthetic_placeholder,True
SYN Auto 06,SYNAUT06,Auto,2025,Q2,Q2 2025,2,8101,synthetic,116880.25,103132.98,13747.28,10648.81,386882.12,210863.8,103501.27,176018.32,16725.95,-11160.49,-3388.82,2176.64,True,182.71,5.04,157.79,6.45,5.8,82.53,83.77,synthetic_placeholder,True
SYN Auto 06,SYNAUT06,Auto,2025,Q3,Q3 2025,3,8102,synthetic,117492.74,104093.69,13399.05,9968.79,395803.78,222641.33,102993.12,173162.45,16401.21,-11708.01,-3163.29,1529.91,True,184.98,4.95,159.06,6.3,5.68,83.74,84.04,synthetic_placeholder,True
SYN Auto 06,SYNAUT06,Auto,2025,Q4,Q4 2025,4,8103,synthetic,118778.86,105219.81,13559.04,10169.93,381150.77,215896.81,101237.48,165253.96,17017.48,-12073.17,-3158.91,1785.41,True,187.15,4.7,160.35,6.3,5.66,85.12,84.13,synthetic_placeholder,True
SYN Auto 07,SYNAUT07,Auto,2024,Q1,Q1 2024,1,8096,synthetic,39242.48,34583.39,4659.09,3561.17,132511.76,66255.88,39753.53,66255.89,5900.41,-3540.25,-1180.08,1180.08,True,172.0,5.0,152.0,6.5,5.84,80.0,83.0,synthetic_placeholder,True
SYN Auto 07,SYNAUT07,Auto,2024,Q2,Q2 2024,2,8097,synthetic,39248.23,34654.41,4593.82,3486.4,132063.85,67516.52,38835.44,64547.33,6118.09,-3773.08,-1235.68,1109.32,True,174.0,4.66,153.2,6.55,5.9,83.91,83.25,synthetic_placeholder,True
SYN Auto 07,SYNAUT07,Auto,2024,Q3,Q3 2024,3,8098,synthetic,40074.97,35319.73,4755.23,3540.66,138201.38,70050.43,39973.49,68150.95,6070.45,-3675.76,-1239.37,1155.32,True,176.15,4.94,154.57,6.45,5.77,83.39,83.26,synthetic_placeholder,True
SYN Auto 07,SYNAUT07,Auto,2024,Q4,Q4 2024,4,8099,synthetic,41422.96,36404.27,5018.69,3681.36,134308.77,68481.33,37922.15,65827.45,6482.28,-3862.26,-1375.89,1244.13,True,178.17,4.58,155.56,6.55,5.93,81.96,83.25,synthetic_placeholder,True
SYN Auto 07,SYNAUT07,Auto,2025,Q1,Q1 2025,1,8100,synthetic,42819.96,37610.5,5209.46,3899.19,133438.37,70260.75,34779.07,63177.61,6518.64,-3759.28,-1369.38,1389.99,True,180.44,5.1,156.66,6.65,6.02,80.81,83.46,synthetic_placeholder,True
SYN Auto 07,SYNAUT07,Auto,2025,Q2,Q2 2025,2,8101,synthetic,42457.85,37174.65,5283.2,3820.55,126426.71,69220.3,30652.87,57206.4,6705.06,-3790.88,-1346.13,1568.04,True,182.71,5.04,157.79,6.45,5.8,82.53,83.77,synthetic_placeholder,True
SYN Auto 07,SYNAUT07,Auto,2025,Q3,Q3 2025,3,8102,synthetic,40250.86,35207.84,5043.02,3678.58,111464.08,60901.48,26801.93,50562.59,6375.06,-3650.58,-1320.86,1403.62,True,184.98,4.95,159.06,6.3,5.68,83.74,84.04,synthetic_placeholder,True
SYN Auto 07,SYNAUT07,Auto,2025,Q4,Q4 2025,4,8103,synthetic,39661.92,34613.67,5048.25,3595.85,107598.3,61176.6,25200.16,46421.7,6031.15,-3434.03,-1237.18,1359.94,True,187.15,4.7,160.35,6.3,5.66,85.12,84.13,synthetic_placeholder,True
SYN Auto 08,SYNAUT08,Auto,2024,Q1,Q1 2024,1,8096,synthetic,101525.95,89472.21,12053.74,9213.27,342827.04,171413.51,102848.12,171413.53,15265.22,-9159.13,-3053.04,3053.04,True,172.0,5.0,152.0,6.5,5.84,80.0,83.0,synthetic_placeholder,True
SYN Auto 08,SYNAUT08,Auto,2024,Q2,Q2 2024,2,8097,synthetic,104529.54,91718.5,12811.04,8895.92,356651.3,172216.53,110472.35,184434.76,16402.69,-9253.83,-3227.05,3921.81,True,174.0,4.66,153.2,6.55,5.9,83.91,83.25,synthetic_placeholder,True
SYN Auto 08,SYNAUT08,Auto,2024,Q3,Q3 2024,3,8098,synthetic,106778.37,94023.72,12754.65,8782.68,359874.96,173806.19,110881.31,186068.77,16190.25,-8724.3,-3416.54,4049.4,True,176.15,4.94,154.57,6.45,5.77,83.39,83.26,synthetic_placeholder,True
SYN Auto 08,SYNAUT08,Auto,2024,Q4,Q4 2024,4,8099,synthetic,109925.8,96663.98,13261.81,8917.15,367322.18,191227.97,102483.41,176094.21,17063.29,-9570.96,-3647.75,3844.57,True,178.17,4.58,155.56,6.55,5.93,81.96,83.25,synthetic_placeholder,True
SYN Auto 08,SYNAUT08,Auto,2025,Q1,Q1 2025,1,8100,synthetic,118006.82,103781.13,14225.69,9488.48,396517.66,207808.63,111242.73,188709.03,18133.96,-10444.67,-3811.56,3877.73,True,180.44,5.1,156.66,6.65,6.02,80.81,83.46,synthetic_placeholder,True
SYN Auto 08,SYNAUT08,Auto,2025,Q2,Q2 2025,2,8101,synthetic,129651.88,113875.2,15776.68,11030.67,443738.71,242555.53,115566.48,201183.18,20675.51,-11651.5,-4406.4,4617.61,True,182.71,5.04,157.79,6.45,5.8,82.53,83.77,synthetic_placeholder,True
SYN Auto 08,SYNAUT08,Auto,2025,Q3,Q3 2025,3,8102,synthetic,137570.39,121248.67,16321.72,12092.72,466048.02,255449.64,123390.47,210598.37,20214.59,-10878.27,-4106.42,5229.9,True,184.98,4.95,159.06,6.3,5.68,83.74,84.04,synthetic_placeholder,True
SYN Auto 08,SYNAUT08,Auto,2025,Q4,Q4 2025,4,8103,synthetic,143698.1,127462.37,16235.73,12266.79,502343.6,280141.33,134428.02,222202.26,19905.63,-9759.32,-4007.59,6138.72,True,187.15,4.7,160.35,6.3,5.66,85.12,84.13,synthetic_placeholder,True
SYN Auto 09,SYNAUT09,Auto,2024,Q1,Q1 2024,1,8096,synthetic,71166.64,62717.33,8449.31,6458.22,240311.46,120155.72,72093.44,120155.74,10700.46,-6420.28,-2140.09,2140.09,True,172.0,5.0,152.0,6.5,5.84,80.0,83.0,synthetic_placeholder,True
SYN Auto 09,SYNAUT09,Auto,2024,Q2,Q2 2024,2,8097,synthetic,72436.79,64086.98,8349.81,6599.42,233110.85,113666.37,73186.41,119444.48,10477.03,-6295.86,-2107.22,2073.95,True,174.0,4.66,153.2,6.55,5.9,83.91,83.25,synthetic_placeholder,True
SYN Auto 09,SYNAUT09,Auto,2024,Q3,Q3 2024,3,8098,synthetic,75239.65,66797.72,8441.93,6907.88,246761.36,121216.44,78453.55,125544.92,10353.17,-6078.55,-1991.85,2282.77,True,176.15,4.94,154.57,6.45,5.77,83.39,83.26,synthetic_placeholder,True
SYN Auto 09,SYNAUT09,Auto,2024,Q4,Q4 2024,4,8099,synthetic,78095.98,68982.43,9113.55,7506.7,251989.33,123119.01,81461.84,128870.32,10830.72,-6530.66,-2079.47,2220.59,True,178.17,4.58,155.56,6.55,5.93,81.96,83.25,synthetic_placeholder,True
SYN Auto 09,SYNAUT09,Auto,2025,Q1,Q1 2025,1,8100,synthetic,81664.16,72188.92,9475.24,7764.48,272576.2,132165.18,90238.85,140411.01,10840.16,-6681.34,-2097.65,2061.17,True,180.44,5.1,156.66,6.65,6.02,80.81,83.46,synthetic_placeholder,True
SYN Auto 09,SYNAUT09,Auto,2025,Q2,Q2 2025,2,8101,synthetic,82941.02,72912.35,10028.68,7663.24,256953.4,123995.11,86209.03,132958.29,11167.39,-6850.06,-2102.64,2214.69,True,182.71,5.04,157.79,6.45,5.8,82.53,83.77,synthetic_placeholder,True
SYN Auto 09,SYNAUT09,Auto,2025,Q3,Q3 2025,3,8102,synthetic,86280.49,75986.53,10293.96,7864.51,260991.7,126712.29,92381.18,134279.41,11438.49,-6878.92,-2165.95,2393.62,True,184.98,4.95,159.06,6.3,5.68,83.74,84.04,synthetic_placeholder,True
SYN Auto 09,SYNAUT09,Auto,2025,Q4,Q4 2025,4,8103,synthetic,92393.9,80889.37,11504.52,8536.03,265344.03,124927.61,96350.89,140416.42,12911.86,-7892.74,-2338.23,2680.88,True,187.15,4.7,160.35,6.3,5.66,85.12,84.13,synthetic_placeholder,True
SYN Auto 10,SYNAUT10,Auto,2024,Q1,Q1 2024,1,8096,synthetic,109713.48,96687.67,13025.81,9956.27,370474.21,185237.1,111142.27,185237.12,16496.28,-9897.77,-3299.26,3299.26,True,172.0,5.0,152.0,6.5,5.84,80.0,83.0,synthetic_placeholder,True
SYN Auto 10,SYNAUT10,Auto,2024,Q2,Q2 2024,2,8097,synthetic,115330.67,101344.49,13986.18,10544.21,392265.4,199316.7,110824.48,192948.71,18483.64,-10953.23,-3481.93,4048.48,True,174.0,4.66,153.2,6.55,5.9,83.91,83.25,synthetic_placeholder,True
SYN Auto 10,SYNAUT10,Auto,2024,Q3,Q3 2024,3,8098,synthetic,118708.3,103449.93,15258.36,11446.01,382254.05,198675.25,106854.5,183578.8,19898.34,-12273.6,-3713.51,3911.23,True,176.15,4.94,154.57,6.45,5.77,83.39,83.26,synthetic_placeholder,True
SYN Auto 10,SYNAUT10,Auto,2024,Q4,Q4 2024,4,8099,synthetic,122712.28,107496.02,15216.26,11245.77,401257.21,211355.64,107860.04,189901.57,19862.55,-11869.06,-3675.01,4318.49,True,178.17,4.58,155.56,6.55,5.93,81.96,83.25,synthetic_placeholder,True
SYN Auto 10,SYNAUT10,Auto,2025,Q1,Q1 2025,1,8100,synthetic,118615.74,104276.98,14338.76,10452.58,381141.78,190608.14,104054.88,190533.63,18868.11,-10458.71,-3471.12,4938.28,True,180.44,5.1,156.66,6.65,6.02,80.81,83.46,synthetic_placeholder,True
SYN Auto 10,SYNAUT10,Auto,2025,Q2,Q2 2025,2,8101,synthetic,114392.99,100467.01,13925.97,9952.36,381626.58,193931.12,104699.98,187695.46,17984.26,-10450.56,-3198.01,4335.69,True,182.71,5.04,157.79,6.45,5.8,82.53,83.77,synthetic_placeholder,True
SYN Auto 10,SYNAUT10,Auto,2025,Q3,Q3 2025,3,8102,synthetic,112660.55,98282.58,14377.97,9648.55,368770.68,181583.31,105173.51,187187.36,18830.42,-11779.12,-3406.7,3644.6,True,184.98,4.95,159.06,6.3,5.68,83.74,84.04,synthetic_placeholder,True
SYN Auto 10,SYNAUT10,Auto,2025,Q4,Q4 2025,4,8103,synthetic,109914.37,96401.28,13513.09,9642.84,352910.38,175000.22,98119.79,177910.16,17414.49,-10760.96,-3200.11,3453.42,True,187.15,4.7,160.35,6.3,5.66,85.12,84.13,synthetic_placeholder,True
SYN Banking 01,SYNBAN01,Banking,2024,Q1,Q1 2024,1,8096,synthetic,45269.85,33513.32,11756.52,8618.71,737008.79,368504.38,251450.08,368504.41,20995.3,-12597.18,-4199.06,4199.07,True,172.0,5.0,152.0,6.5,5.84,80.0,83.0,synthetic_placeholder,True
SYN Banking 01,SYNBAN01,Banking,2024,Q2,Q2 2024,2,8097,synthetic,46966.56,34709.25,12257.31,9027.42,743931.18,343345.68,292878.58,400585.51,21547.28,-13050.18,-4184.87,4312.23,True,174.0,4.66,153.2,6.55,5.9,83.91,83.25,synthetic_placeholder,True
SYN Banking 01,SYNBAN01,Banking,2024,Q3,Q3 2024,3,8098,synthetic,50726.56,37643.04,13083.52,9495.92,795236.14,375666.1,310625.56,419570.04,22699.26,-13646.52,-4287.57,4765.17,True,176.15,4.94,154.57,6.45,5.77,83.39,83.26,synthetic_placeholder,True
SYN Banking 01,SYNBAN01,Banking,2024,Q4,Q4 2024,4,8099,synthetic,53482.41,38923.41,14559.0,10065.1,836387.18,398334.11,328081.4,438053.06,24896.09,-15394.71,-4674.15,4827.23,True,178.17,4.58,155.56,6.55,5.93,81.96,83.25,synthetic_placeholder,True
SYN Banking 01,SYNBAN01,Banking,2025,Q1,Q1 2025,1,8100,synthetic,55019.0,40119.97,14899.03,10730.92,816389.95,380483.47,324838.79,435906.48,26081.98,-15038.52,-5060.3,5983.17,True,180.44,5.1,156.66,6.65,6.02,80.81,83.46,synthetic_placeholder,True
SYN Banking 01,SYNBAN01,Banking,2025,Q2,Q2 2025,2,8101,synthetic,56164.23,40194.06,15970.17,10847.87,792989.42,354977.38,334405.91,438012.04,29213.81,-16426.53,-5626.25,7161.03,True,182.71,5.04,157.79,6.45,5.8,82.53,83.77,synthetic_placeholder,True
SYN Banking 01,SYNBAN01,Banking,2025,Q3,Q3 2025,3,8102,synthetic,58174.29,42180.3,15994.0,10665.78,833248.41,382351.77,350698.26,450896.64,28854.65,-15843.75,-5385.23,7625.67,True,184.98,4.95,159.06,6.3,5.68,83.74,84.04,synthetic_placeholder,True
SYN Banking 01,SYNBAN01,Banking,2025,Q4,Q4 2025,4,8103,synthetic,57280.02,41254.44,16025.58,10496.29,807573.72,374454.22,349521.68,433119.5,28543.2,-14581.75,-5318.0,8643.46,True,187.15,4.7,160.35,6.3,5.66,85.12,84.13,synthetic_placeholder,True
SYN Banking 02,SYNBAN02,Banking,2024,Q1,Q1 2024,1,8096,synthetic,110265.81,81629.91,28635.9,20992.97,1795165.61,897582.76,612468.32,897582.85,51139.21,-30683.51,-10227.84,10227.85,True,172.0,5.0,152.0,6.5,5.84,80.0,83.0,synthetic_placeholder,True
SYN Banking 02,SYNBAN02,Banking,2024,Q2,Q2 2024,2,8097,synthetic,109780.75,82156.13,27624.63,20259.64,1802420.5,896136.28,636990.28,906284.22,50097.36,-31668.19,-10210.45,8218.72,True,174.0,4.66,153.2,6.55,5.9,83.91,83.25,synthetic_placeholder,True
SYN Banking 02,SYNBAN02,Banking,2024,Q3,Q3 2024,3,8098,synthetic,108138.01,80936.62,27201.39,19898.89,1816319.32,910581.86,659289.37,905737.46,48779.72,-31886.17,-10162.62,6730.93,True,176.15,4.94,154.57,6.45,5.77,83.39,83.26,synthetic_placeholder,True
SYN Banking 02,SYNBAN02,Banking,2024,Q4,Q4 2024,4,8099,synthetic,109920.32,82445.36,27474.95,20911.35,1783104.67,898170.67,624423.54,884934.01,47950.15,-30478.01,-10180.66,7291.48,True,178.17,4.58,155.56,6.55,5.93,81.96,83.25,synthetic_placeholder,True
SYN Banking 02,SYNBAN02,Banking,2025,Q1,Q1 2025,1,8100,synthetic,111316.58,84507.55,26809.03,19728.0,1745106.34,899540.9,563354.64,845565.44,46804.03,-30512.6,-10038.92,6252.5,True,180.44,5.1,156.66,6.65,6.02,80.81,83.46,synthetic_placeholder,True
SYN Banking 02,SYNBAN02,Banking,2025,Q2,Q2 2025,2,8101,synthetic,114938.64,88555.67,26382.97,19455.33,1826096.57,964077.34,576023.24,862019.23,45646.68,-30329.13,-9266.8,6050.76,True,182.71,5.04,157.79,6.45,5.8,82.53,83.77,synthetic_placeholder,True
SYN Banking 02,SYNBAN02,Banking,2025,Q3,Q3 2025,3,8102,synthetic,117918.77,90294.9,27623.87,19407.15,1876718.83,942653.86,641595.97,934064.98,46338.21,-31197.36,-9430.79,5710.06,True,184.98,4.95,159.06,6.3,5.68,83.74,84.04,synthetic_placeholder,True
SYN Banking 02,SYNBAN02,Banking,2025,Q4,Q4 2025,4,8103,synthetic,122695.14,94254.97,28440.17,21078.42,1984882.72,929768.63,763826.7,1055114.09,50639.76,-35371.56,-10134.27,5133.93,True,187.15,4.7,160.35,6.3,5.66,85.12,84.13,synthetic_placeholder,True
SYN Banking 03,SYNBAN03,Banking,2024,Q1,Q1 2024,1,8096,synthetic,48800.41,36127.01,12673.41,9290.87,794487.66,397243.81,271060.52,397243.85,22632.71,-13579.62,-4526.54,4526.55,True,172.0,5.0,152.0,6.5,5.84,80.0,83.0,synthetic_placeholder,True
SYN Banking 03,SYNBAN03,Banking,2024,Q2,Q2 2024,2,8097,synthetic,51828.26,38810.06,13018.2,10132.04,824895.65,425554.04,283015.55,399341.61,22845.4,-13819.58,-4573.07,4452.75,True,174.0,4.66,153.2,6.55,5.9,83.91,83.25,synthetic_placeholder,True
SYN Banking 03,SYNBAN03,Banking,2024,Q3,Q3 2024,3,8098,synthetic,56194.66,41911.6,14283.06,10989.41,860842.99,457766.04,295089.5,403076.95,25255.24,-14755.11,-5060.15,5439.98,True,176.15,4.94,154.57,6.45,5.77,83.39,83.26,synthetic_placeholder,True
SYN Banking 03,SYNBAN03,Banking,2024,Q4,Q4 2024,4,8099,synthetic,61033.26,45492.27,15540.99,12024.73,949304.52,505396.09,323692.76,443908.44,27064.06,-15583.61,-5403.43,6077.01,True,178.17,4.58,155.56,6.55,5.93,81.96,83.25,synthetic_placeholder,True
SYN Banking 03,SYNBAN03,Banking,2025,Q1,Q1 2025,1,8100,synthetic,64660.62,48839.42,15821.2,12756.28,1017529.18,527984.63,343645.75,489544.55,27032.9,-16237.07,-5593.81,5202.02,True,180.44,5.1,156.66,6.65,6.02,80.81,83.46,synthetic_placeholder,True
SYN Banking 03,SYNBAN03,Banking,2025,Q2,Q2 2025,2,8101,synthetic,69412.01,52454.32,16957.69,13610.28,1033750.56,518962.78,357906.32,514787.78,29245.48,-16953.65,-5566.4,6725.44,True,182.71,5.04,157.79,6.45,5.8,82.53,83.77,synthetic_placeholder,True
SYN Banking 03,SYNBAN03,Banking,2025,Q3,Q3 2025,3,8102,synthetic,72677.31,54964.36,17712.95,13787.78,1078396.79,546972.88,371880.42,531423.91,30179.61,-16384.23,-5812.42,7982.96,True,184.98,4.95,159.06,6.3,5.68,83.74,84.04,synthetic_placeholder,True
SYN Banking 03,SYNBAN03,Banking,2025,Q4,Q4 2025,4,8103,synthetic,75482.0,56093.43,19388.57,14254.98,1153469.23,591707.26,390727.19,561761.97,33276.49,-17056.44,-6709.07,9510.98,True,187.15,4.7,160.35,6.3,5.66,85.12,84.13,synthetic_placeholder,True
SYN Banking 04,SYNBAN04,Banking,2024,Q1,Q1 2024,1,8096,synthetic,51467.98,38101.81,13366.17,9798.74,837916.56,418958.26,285877.44,418958.3,23869.88,-14321.92,-4773.98,4773.98,True,172.0,5.0,152.0,6.5,5.84,80.0,83.0,synthetic_placeholder,True
SYN Banking 04,SYNBAN04,Banking,2024,Q2,Q2 2024,2,8097,synthetic,52008.64,37730.14,14278.51,10154.55,853795.0,408426.06,298566.54,445368.94,24000.89,-13920.52,-4554.79,5525.58,True,174.0,4.66,153.2,6.55,5.9,83.91,83.25,synthetic_placeholder,True
SYN Banking 04,SYNBAN04,Banking,2024,Q3,Q3 2024,3,8098,synthetic,51822.98,37580.26,14242.72,9903.61,851103.99,406425.33,297687.15,444678.66,23931.89,-13392.47,-4428.2,6111.23,True,176.15,4.94,154.57,6.45,5.77,83.39,83.26,synthetic_placeholder,True
SYN Banking 04,SYNBAN04,Banking,2024,Q4,Q4 2024,4,8099,synthetic,51090.02,36310.02,14780.0,10047.36,847538.79,405742.52,298231.84,441796.27,24670.05,-13352.73,-4488.4,6828.92,True,178.17,4.58,155.56,6.55,5.93,81.96,83.25,synthetic_placeholder,True
SYN Banking 04,SYNBAN04,Banking,2025,Q1,Q1 2025,1,8100,synthetic,50822.9,36161.33,14661.57,9886.34,853856.33,400262.45,296937.37,453593.88,24396.44,-13319.09,-4384.24,6693.11,True,180.44,5.1,156.66,6.65,6.02,80.81,83.46,synthetic_placeholder,True
SYN Banking 04,SYNBAN04,Banking,2025,Q2,Q2 2025,2,8101,synthetic,53011.99,37658.78,15353.22,10160.66,838880.56,403046.16,291510.82,435834.4,25525.88,-14456.17,-4592.52,6477.18,True,182.71,5.04,157.79,6.45,5.8,82.53,83.77,synthetic_placeholder,True
SYN Banking 04,SYNBAN04,Banking,2025,Q3,Q3 2025,3,8102,synthetic,57118.89,40394.87,16724.02,11246.23,921944.44,425119.11,332933.11,496825.33,27993.1,-15648.3,-4989.31,7355.49,True,184.98,4.95,159.06,6.3,5.68,83.74,84.04,synthetic_placeholder,True
SYN Banking 04,SYNBAN04,Banking,2025,Q4,Q4 2025,4,8103,synthetic,59422.9,40365.05,19057.85,11710.78,930876.38,423997.46,320391.09,506878.92,32806.41,-16962.61,-6031.28,9812.52,True,187.15,4.7,160.35,6.3,5.66,85.12,84.13,synthetic_placeholder,True
SYN Banking 05,SYNBAN05,Banking,2024,Q1,Q1 2024,1,8096,synthetic,60284.62,44628.78,15655.84,11477.3,981454.58,490727.27,334849.24,490727.31,27958.88,-16775.32,-5591.78,5591.78,True,172.0,5.0,152.0,6.5,5.84,80.0,83.0,synthetic_placeholder,True
SYN Banking 05,SYNBAN05,Banking,2024,Q2,Q2 2024,2,8097,synthetic,60190.7,44851.03,15339.67,11595.91,1020007.28,538801.1,339831.42,481206.18,28105.92,-17033.45,-5425.16,5647.31,True,174.0,4.66,153.2,6.55,5.9,83.91,83.25,synthetic_placeholder,True
SYN Banking 05,SYNBAN05,Banking,2024,Q3,Q3 2024,3,8098,synthetic,61466.32,44833.33,16632.99,12039.03,982851.65,516530.86,345594.8,466320.79,30669.05,-16952.71,-5793.44,7922.9,True,176.15,4.94,154.57,6.45,5.77,83.39,83.26,synthetic_placeholder,True
SYN Banking 05,SYNBAN05,Banking,2024,Q4,Q4 2024,4,8099,synthetic,60372.55,44146.03,16226.52,11604.09,956155.36,508738.73,334664.69,447416.62,30715.2,-17173.24,-6040.72,7501.24,True,178.17,4.58,155.56,6.55,5.93,81.96,83.25,synthetic_placeholder,True
SYN Banking 05,SYNBAN05,Banking,2025,Q1,Q1 2025,1,8100,synthetic,61027.29,45253.18,15774.11,12077.4,941385.39,497389.95,337979.43,443995.44,30298.44,-15086.08,-5872.23,9340.13,True,180.44,5.1,156.66,6.65,6.02,80.81,83.46,synthetic_placeholder,True
SYN Banking 05,SYNBAN05,Banking,2025,Q2,Q2 2025,2,8101,synthetic,62124.95,46033.44,16091.51,12721.57,961745.14,509301.42,332519.36,452443.72,32021.07,-15119.44,-6623.69,10277.93,True,182.71,5.04,157.79,6.45,5.8,82.53,83.77,synthetic_placeholder,True
SYN Banking 05,SYNBAN05,Banking,2025,Q3,Q3 2025,3,8102,synthetic,63075.9,47265.58,15810.32,13472.85,959726.64,508324.24,330879.45,451402.4,31734.63,-15187.28,-6564.06,9983.29,True,184.98,4.95,159.06,6.3,5.68,83.74,84.04,synthetic_placeholder,True
SYN Banking 05,SYNBAN05,Banking,2025,Q4,Q4 2025,4,8103,synthetic,66693.96,50353.77,16340.19,14471.91,1009718.6,541995.7,352513.57,467722.91,32448.2,-15751.23,-6793.82,9903.15,True,187.15,4.7,160.35,6.3,5.66,85.12,84.13,synthetic_placeholder,True
SYN Banking 06,SYNBAN06,Banking,2024,Q1,Q1 2024,1,8096,synthetic,134503.36,99573.0,34930.36,25607.44,2189761.32,1094880.61,747095.1,1094880.71,62380.13,-37428.06,-12476.03,12476.04,True,172.0,5.0,152.0,6.5,5.84,80.0,83.0,synthetic_placeholder,True
SYN Banking 06,SYNBAN06,Banking,2024,Q2,Q2 2024,2,8097,synthetic,137634.02,100899.44,36734.58,25384.68,2256155.7,1111739.05,798860.36,1144416.65,66849.76,-38623.99,-13260.11,14965.65,True,174.0,4.66,153.2,6.55,5.9,83.91,83.25,synthetic_placeholder,True
SYN Banking 06,SYNBAN06,Banking,2024,Q3,Q3 2024,3,8098,synthetic,137163.2,100516.27,36646.93,26136.22,2298055.31,1161959.56,795934.98,1136095.75,66696.24,-40202.69,-13095.97,13397.58,True,176.15,4.94,154.57,6.45,5.77,83.39,83.26,synthetic_placeholder,True
SYN Banking 06,SYNBAN06,Banking,2024,Q4,Q4 2024,4,8099,synthetic,137923.97,101386.41,36537.56,25956.08,2336755.31,1233961.43,775634.95,1102793.87,67175.88,-39883.52,-13435.37,13856.99,True,178.17,4.58,155.56,6.55,5.93,81.96,83.25,synthetic_placeholder,True
SYN Banking 06,SYNBAN06,Banking,2025,Q1,Q1 2025,1,8100,synthetic,139562.91,102708.95,36853.96,25148.14,2409352.89,1340786.95,770134.23,1068565.94,69119.69,-38999.96,-13965.09,16154.64,True,180.44,5.1,156.66,6.65,6.02,80.81,83.46,synthetic_placeholder,True
SYN Banking 06,SYNBAN06,Banking,2025,Q2,Q2 2025,2,8101,synthetic,137026.07,100599.8,36426.27,25019.77,2265901.52,1310694.83,687209.86,955206.69,67549.3,-36918.96,-13777.21,16853.13,True,182.71,5.04,157.79,6.45,5.8,82.53,83.77,synthetic_placeholder,True
SYN Banking 06,SYNBAN06,Banking,2025,Q3,Q3 2025,3,8102,synthetic,136274.57,99377.73,36896.84,25228.44,2275854.28,1312118.14,678176.8,963736.14,69974.26,-37072.85,-14447.27,18454.15,True,184.98,4.95,159.06,6.3,5.68,83.74,84.04,synthetic_placeholder,True
SYN Banking 06,SYNBAN06,Banking,2025,Q4,Q4 2025,4,8103,synthetic,134735.08,99349.15,35385.93,23798.0,2229715.88,1299120.4,646713.26,930595.47,67871.56,-36015.11,-14272.15,17584.3,True,187.15,4.7,160.35,6.3,5.66,85.12,84.13,synthetic_placeholder,True
SYN Banking 07,SYNBAN07,Banking,2024,Q1,Q1 2024,1,8096,synthetic,36521.44,27036.87,9484.57,6953.14,594581.69,297290.83,202857.3,297290.86,16937.96,-10162.77,-3387.59,3387.6,True,172.0,5.0,152.0,6.5,5.84,80.0,83.0,synthetic_placeholder,True
SYN Banking 07,SYNBAN07,Banking,2024,Q2,Q2 2024,2,8097,synthetic,36919.12,27475.19,9443.93,7171.69,591361.16,317369.89,186096.77,273991.27,17095.6,-9976.44,-3403.61,3715.55,True,174.0,4.66,153.2,6.55,5.9,83.91,83.25,synthetic_placeholder,True
SYN Banking 07,SYNBAN07,Banking,2024,Q3,Q3 2024,3,8098,synthetic,35477.04,26269.91,9207.13,6694.16,577512.24,297131.04,198744.0,280381.2,17389.51,-10217.0,-3507.05,3665.45,True,176.15,4.94,154.57,6.45,5.77,83.39,83.26,synthetic_placeholder,True
SYN Banking 07,SYNBAN07,Banking,2024,Q4,Q4 2024,4,8099,synthetic,35170.91,26187.79,8983.12,6830.29,556115.27,298757.55,179926.01,257357.72,16927.05,-10338.83,-3420.13,3168.1,True,178.17,4.58,155.56,6.55,5.93,81.96,83.25,synthetic_placeholder,True
SYN Banking 07,SYNBAN07,Banking,2025,Q1,Q1 2025,1,8100,synthetic,35366.8,26334.02,9032.78,7012.28,566552.56,305732.89,188540.12,260819.66,16920.09,-11205.54,-3430.04,2284.51,True,180.44,5.1,156.66,6.65,6.02,80.81,83.46,synthetic_placeholder,True
SYN Banking 07,SYNBAN07,Banking,2025,Q2,Q2 2025,2,8101,synthetic,36743.39,27081.4,9661.99,7307.49,566677.5,309572.41,182262.18,257105.09,17493.53,-11381.43,-3502.85,2609.25,True,182.71,5.04,157.79,6.45,5.8,82.53,83.77,synthetic_placeholder,True
SYN Banking 07,SYNBAN07,Banking,2025,Q3,Q3 2025,3,8102,synthetic,38916.85,28854.57,10062.28,7562.74,596523.41,327034.06,190696.09,269489.36,18092.96,-12278.29,-3470.92,2343.75,True,184.98,4.95,159.06,6.3,5.68,83.74,84.04,synthetic_placeholder,True
SYN Banking 07,SYNBAN07,Banking,2025,Q4,Q4 2025,4,8103,synthetic,40654.32,29888.73,10765.59,7696.74,625205.39,347331.49,190305.78,277873.9,18432.59,-12600.24,-3372.32,2460.02,True,187.15,4.7,160.35,6.3,5.66,85.12,84.13,synthetic_placeholder,True
SYN Banking 08,SYNBAN08,Banking,2024,Q1,Q1 2024,1,8096,synthetic,95997.18,71066.83,24930.35,18276.44,1562867.42,781433.67,533213.64,781433.75,44521.69,-26713.0,-8904.34,8904.35,True,172.0,5.0,152.0,6.5,5.84,80.0,83.0,synthetic_placeholder,True
SYN Banking 08,SYNBAN08,Banking,2024,Q2,Q2 2024,2,8097,synthetic,97253.07,70800.02,26453.04,18804.19,1653964.17,818019.12,567257.92,835945.05,46868.14,-28045.96,-9567.69,9254.49,True,174.0,4.66,153.2,6.55,5.9,83.91,83.25,synthetic_placeholder,True
SYN Banking 08,SYNBAN08,Banking,2024,Q3,Q3 2024,3,8098,synthetic,97412.47,70522.95,26889.52,18214.96,1643172.77,821264.66,553212.46,821908.11,46661.22,-27925.32,-9660.64,9075.26,True,176.15,4.94,154.57,6.45,5.77,83.39,83.26,synthetic_placeholder,True
SYN Banking 08,SYNBAN08,Banking,2024,Q4,Q4 2024,4,8099,synthetic,98487.14,70506.86,27980.28,18803.05,1603873.56,777847.57,585529.26,826025.99,50566.62,-31823.04,-10348.53,8395.06,True,178.17,4.58,155.56,6.55,5.93,81.96,83.25,synthetic_placeholder,True
SYN Banking 08,SYNBAN08,Banking,2025,Q1,Q1 2025,1,8100,synthetic,101972.53,71922.65,30049.89,18676.61,1648655.31,810367.6,592466.04,838287.71,54038.15,-31641.23,-11397.07,10999.85,True,180.44,5.1,156.66,6.65,6.02,80.81,83.46,synthetic_placeholder,True
SYN Banking 08,SYNBAN08,Banking,2025,Q2,Q2 2025,2,8101,synthetic,105256.44,73187.24,32069.19,18818.51,1706957.21,839103.12,608874.39,867854.09,59898.55,-32966.71,-13023.51,13908.33,True,182.71,5.04,157.79,6.45,5.8,82.53,83.77,synthetic_placeholder,True
SYN Banking 08,SYNBAN08,Banking,2025,Q3,Q3 2025,3,8102,synthetic,106277.48,73300.66,32976.82,19744.14,1727599.73,830147.16,590021.09,897452.58,61707.83,-33409.07,-13490.98,14807.78,True,184.98,4.95,159.06,6.3,5.68,83.74,84.04,synthetic_placeholder,True
SYN Banking 08,SYNBAN08,Banking,2025,Q4,Q4 2025,4,8103,synthetic,111113.91,76017.51,35096.41,21162.98,1867648.87,891094.34,624802.74,976554.53,65747.45,-35611.66,-14789.26,15346.52,True,187.15,4.7,160.35,6.3,5.66,85.12,84.13,synthetic_placeholder,True
SYN Banking 09,SYNBAN09,Banking,2024,Q1,Q1 2024,1,8096,synthetic,84024.55,62203.47,21821.07,15997.03,1367948.75,683974.34,466711.97,683974.41,38969.01,-23381.39,-7793.8,7793.81,True,172.0,5.0,152.0,6.5,5.84,80.0,83.0,synthetic_placeholder,True
SYN Banking 09,SYNBAN09,Banking,2024,Q2,Q2 2024,2,8097,synthetic,84525.58,63356.12,21169.46,16962.25,1372602.83,703898.54,464683.1,668704.29,40028.83,-24320.07,-8077.22,7631.54,True,174.0,4.66,153.2,6.55,5.9,83.91,83.25,synthetic_placeholder,True
SYN Banking 09,SYNBAN09,Banking,2024,Q3,Q3 2024,3,8098,synthetic,87097.43,65521.57,21575.86,17262.45,1346468.51,673920.04,465377.69,672548.47,39294.31,-23800.47,-8139.94,7353.91,True,176.15,4.94,154.57,6.45,5.77,83.39,83.26,synthetic_placeholder,True
SYN Banking 09,SYNBAN09,Banking,2024,Q4,Q4 2024,4,8099,synthetic,89534.31,67524.19,22010.12,17551.88,1352500.64,689791.36,479642.14,662709.28,38970.98,-23143.93,-7954.51,7872.53,True,178.17,4.58,155.56,6.55,5.93,81.96,83.25,synthetic_placeholder,True
SYN Banking 09,SYNBAN09,Banking,2025,Q1,Q1 2025,1,8100,synthetic,91685.18,70165.52,21519.66,17353.87,1391167.02,709285.23,508435.19,681881.79,39799.96,-23158.17,-8078.4,8563.39,True,180.44,5.1,156.66,6.65,6.02,80.81,83.46,synthetic_placeholder,True
SYN Banking 09,SYNBAN09,Banking,2025,Q2,Q2 2025,2,8101,synthetic,97079.5,74967.16,22112.35,17323.04,1489199.7,727915.73,563269.65,761283.98,39597.73,-22548.12,-7865.3,9184.31,True,182.71,5.04,157.79,6.45,5.8,82.53,83.77,synthetic_placeholder,True
SYN Banking 09,SYNBAN09,Banking,2025,Q3,Q3 2025,3,8102,synthetic,94957.91,73887.39,21070.52,16885.04,1474897.86,714086.39,575587.8,760811.47,36235.01,-20088.87,-6624.8,9521.34,True,184.98,4.95,159.06,6.3,5.68,83.74,84.04,synthetic_placeholder,True
SYN Banking 09,SYNBAN09,Banking,2025,Q4,Q4 2025,4,8103,synthetic,91504.37,69703.28,21801.09,15783.87,1364954.4,668099.76,557786.58,696854.64,36944.52,-21884.22,-6475.29,8585.02,True,187.15,4.7,160.35,6.3,5.66,85.12,84.13,synthetic_placeholder,True
SYN Banking 10,SYNBAN10,Banking,2024,Q1,Q1 2024,1,8096,synthetic,40526.93,30002.13,10524.79,7715.73,659792.41,329896.19,225105.66,329896.22,18795.63,-11277.37,-3759.13,3759.13,True,172.0,5.0,152.0,6.5,5.84,80.0,83.0,synthetic_placeholder,True
SYN Banking 10,SYNBAN10,Banking,2024,Q2,Q2 2024,2,8097,synthetic,39058.04,29188.86,9869.18,7185.6,647671.33,324496.14,215247.51,323175.18,17369.83,-10160.5,-3512.85,3696.49,True,174.0,4.66,153.2,6.55,5.9,83.91,83.25,synthetic_placeholder,True
SYN Banking 10,SYNBAN10,Banking,2024,Q3,Q3 2024,3,8098,synthetic,37573.59,27930.27,9643.33,6666.95,652062.99,322657.02,221385.01,329405.97,17481.15,-10428.72,-3469.22,3583.21,True,176.15,4.94,154.57,6.45,5.77,83.39,83.26,synthetic_placeholder,True
SYN Banking 10,SYNBAN10,Banking,2024,Q4,Q4 2024,4,8099,synthetic,38479.9,28388.06,10091.83,6845.48,693373.94,324492.16,242520.58,368881.79,18347.66,-11159.17,-3643.73,3544.75,True,178.17,4.58,155.56,6.55,5.93,81.96,83.25,synthetic_placeholder,True
SYN Banking 10,SYNBAN10,Banking,2025,Q1,Q1 2025,1,8100,synthetic,39286.03,29161.02,10125.01,7057.45,686635.34,319684.65,236702.31,366950.69,18847.44,-11667.26,-3675.64,3504.54,True,180.44,5.1,156.66,6.65,6.02,80.81,83.46,synthetic_placeholder,True
SYN Banking 10,SYNBAN10,Banking,2025,Q2,Q2 2025,2,8101,synthetic,41357.93,30520.01,10837.92,7253.0,759356.98,337003.24,278770.26,422353.73,19903.86,-12889.34,-4070.32,2944.19,True,182.71,5.04,157.79,6.45,5.8,82.53,83.77,synthetic_placeholder,True
SYN Banking 10,SYNBAN10,Banking,2025,Q3,Q3 2025,3,8102,synthetic,43287.03,31750.91,11536.12,7597.37,782116.18,357176.39,280152.89,424939.79,21154.6,-14294.95,-4373.3,2486.35,True,184.98,4.95,159.06,6.3,5.68,83.74,84.04,synthetic_placeholder,True
SYN Banking 10,SYNBAN10,Banking,2025,Q4,Q4 2025,4,8103,synthetic,45576.3,33630.34,11945.96,8136.08,849292.08,405503.08,307849.31,443789.0,21830.27,-14585.59,-4483.46,2761.21,True,187.15,4.7,160.35,6.3,5.66,85.12,84.13,synthetic_placeholder,True
SYN Energy 01,SYNENE01,Energy,2024,Q1,Q1 2024,1,8096,synthetic,315948.6,280166.71,35781.89,26442.94,1272458.63,636229.3,381737.59,636229.32,51872.75,-31123.65,-10374.55,10374.55,True,172.0,5.0,152.0,6.5,5.84,80.0,83.0,synthetic_placeholder,True
SYN Energy 01,SYNENE01,Energy,2024,Q2,Q2 2024,2,8097,synthetic,305122.5,268489.71,36632.8,26184.59,1251502.86,619227.52,377055.53,632275.34,50616.33,-28658.77,-10323.07,11634.49,True,174.0,4.66,153.2,6.55,5.9,83.91,83.25,synthetic_placeholder,True
SYN Energy 01,SYNENE01,Energy,2024,Q3,Q3 2024,3,8098,synthetic,287582.46,252201.79,35380.66,23512.81,1206236.42,575702.46,380259.03,630533.95,49221.74,-26970.58,-10855.01,11396.15,True,176.15,4.94,154.57,6.45,5.77,83.39,83.26,synthetic_placeholder,True
SYN Energy 01,SYNENE01,Energy,2024,Q4,Q4 2024,4,8099,synthetic,287914.14,252312.33,35601.81,23072.83,1198530.46,585831.65,353041.13,612698.81,50966.94,-28661.22,-11167.79,11137.93,True,178.17,4.58,155.56,6.55,5.93,81.96,83.25,synthetic_placeholder,True
SYN Energy 01,SYNENE01,Energy,2025,Q1,Q1 2025,1,8100,synthetic,291394.55,255836.98,35557.57,22540.88,1122744.37,537673.21,349161.33,585071.16,51350.96,-29111.15,-10982.61,11257.2,True,180.44,5.1,156.66,6.65,6.02,80.81,83.46,synthetic_placeholder,True
SYN Energy 01,SYNENE01,Energy,2025,Q2,Q2 2025,2,8101,synthetic,297894.21,261973.8,35920.41,22376.31,1113477.27,539697.35,334610.42,573779.92,49402.23,-28352.55,-10701.43,10348.26,True,182.71,5.04,157.79,6.45,5.8,82.53,83.77,synthetic_placeholder,True
SYN Energy 01,SYNENE01,Energy,2025,Q3,Q3 2025,3,8102,synthetic,294317.33,261095.12,33222.2,22143.1,1140797.23,562319.16,331675.12,578478.07,45521.61,-27582.81,-9990.68,7948.12,True,184.98,4.95,159.06,6.3,5.68,83.74,84.04,synthetic_placeholder,True
SYN Energy 01,SYNENE01,Energy,2025,Q4,Q4 2025,4,8103,synthetic,295322.58,261729.25,33593.33,20829.35,1049295.1,545707.91,288543.11,503587.19,47054.81,-28912.6,-10163.99,7978.23,True,187.15,4.7,160.35,6.3,5.66,85.12,84.13,synthetic_placeholder,True
SYN Energy 02,SYNENE02,Energy,2024,Q1,Q1 2024,1,8096,synthetic,144962.36,128545.04,16417.31,12132.45,583824.71,291912.35,175147.41,291912.36,23800.06,-14280.04,-4760.01,4760.01,True,172.0,5.0,152.0,6.5,5.84,80.0,83.0,synthetic_placeholder,True
SYN Energy 02,SYNENE02,Energy,2024,Q2,Q2 2024,2,8097,synthetic,156232.62,139224.67,17007.95,12976.08,607941.28,289331.98,198196.85,318609.31,23852.58,-13508.15,-4724.15,5620.28,True,174.0,4.66,153.2,6.55,5.9,83.91,83.25,synthetic_placeholder,True
SYN Energy 02,SYNENE02,Energy,2024,Q3,Q3 2024,3,8098,synthetic,165144.77,146976.43,18168.34,13560.83,668234.95,317795.18,199247.25,350439.77,25737.1,-15389.71,-5066.18,5281.21,True,176.15,4.94,154.57,6.45,5.77,83.39,83.26,synthetic_placeholder,True
SYN Energy 02,SYNENE02,Energy,2024,Q4,Q4 2024,4,8099,synthetic,168483.16,148883.82,19599.35,14215.27,707219.37,340013.33,206791.69,367206.04,27001.44,-16437.63,-5236.67,5327.14,True,178.17,4.58,155.56,6.55,5.93,81.96,83.25,synthetic_placeholder,True
SYN Energy 02,SYNENE02,Energy,2025,Q1,Q1 2025,1,8100,synthetic,175728.9,155000.78,20728.12,14055.68,758868.65,370931.44,217387.3,387937.21,27980.89,-16940.63,-5332.09,5708.17,True,180.44,5.1,156.66,6.65,6.02,80.81,83.46,synthetic_placeholder,True
SYN Energy 02,SYNENE02,Energy,2025,Q2,Q2 2025,2,8101,synthetic,180785.37,159701.49,21083.88,14834.06,745227.24,366200.68,201230.01,379026.56,29722.58,-18305.82,-5782.03,5634.72,True,182.71,5.04,157.79,6.45,5.8,82.53,83.77,synthetic_placeholder,True
SYN Energy 02,SYNENE02,Energy,2025,Q3,Q3 2025,3,8102,synthetic,184051.27,162913.05,21138.22,14930.02,777561.2,385427.71,208776.88,392133.49,29314.14,-17290.68,-5746.36,6277.11,True,184.98,4.95,159.06,6.3,5.68,83.74,84.04,synthetic_placeholder,True
SYN Energy 02,SYNENE02,Energy,2025,Q4,Q4 2025,4,8103,synthetic,190141.41,168572.57,21568.84,15598.47,813046.69,420834.17,216641.88,392212.51,30326.09,-18522.14,-6060.96,5742.99,True,187.15,4.7,160.35,6.3,5.66,85.12,84.13,synthetic_placeholder,True
SYN Energy 03,SYNENE03,Energy,2024,Q1,Q1 2024,1,8096,synthetic,207417.76,183927.23,23490.53,17359.58,835359.02,417679.5,250607.71,417679.52,34054.05,-20432.43,-6810.81,6810.81,True,172.0,5.0,152.0,6.5,5.84,80.0,83.0,synthetic_placeholder,True
SYN Energy 03,SYNENE03,Energy,2024,Q2,Q2 2024,2,8097,synthetic,214227.28,188342.98,25884.3,18683.17,855771.28,389945.63,278287.74,465825.65,38098.29,-24083.29,-7628.86,6386.14,True,174.0,4.66,153.2,6.55,5.9,83.91,83.25,synthetic_placeholder,True
SYN Energy 03,SYNENE03,Energy,2024,Q3,Q3 2024,3,8098,synthetic,217642.87,190560.53,27082.35,19084.3,845185.18,370710.83,285920.93,474474.35,39735.83,-25387.69,-7649.7,6698.43,True,176.15,4.94,154.57,6.45,5.77,83.39,83.26,synthetic_placeholder,True
SYN Energy 03,SYNENE03,Energy,2024,Q4,Q4 2024,4,8099,synthetic,233686.46,203760.55,29925.91,19930.81,883851.9,400706.14,311460.64,483145.76,43387.34,-28521.51,-8011.81,6854.02,True,178.17,4.58,155.56,6.55,5.93,81.96,83.25,synthetic_placeholder,True
SYN Energy 03,SYNENE03,Energy,2025,Q1,Q1 2025,1,8100,synthetic,235476.34,205295.87,30180.48,20580.19,846924.25,376308.71,317184.88,470615.54,45682.37,-29377.38,-8074.45,8230.54,True,180.44,5.1,156.66,6.65,6.02,80.81,83.46,synthetic_placeholder,True
SYN Energy 03,SYNENE03,Energy,2025,Q2,Q2 2025,2,8101,synthetic,246155.92,214812.27,31343.65,22108.08,891628.26,400457.45,327994.14,491170.8,47280.45,-29626.32,-7913.75,9740.38,True,182.71,5.04,157.79,6.45,5.8,82.53,83.77,synthetic_placeholder,True
SYN Energy 03,SYNENE03,Energy,2025,Q3,Q3 2025,3,8102,synthetic,262617.41,229387.75,33229.66,24049.77,948873.78,408388.19,354502.33,540485.59,53583.43,-34038.87,-8998.2,10546.36,True,184.98,4.95,159.06,6.3,5.68,83.74,84.04,synthetic_placeholder,True
SYN Energy 03,SYNENE03,Energy,2025,Q4,Q4 2025,4,8103,synthetic,268429.96,234066.89,34363.07,25131.85,957073.35,429696.05,342526.43,527377.3,55561.92,-36342.45,-9645.36,9574.11,True,187.15,4.7,160.35,6.3,5.66,85.12,84.13,synthetic_placeholder,True
SYN Energy 04,SYNENE04,Energy,2024,Q1,Q1 2024,1,8096,synthetic,207082.55,183629.99,23452.57,17331.53,834009.01,417004.5,250202.71,417004.51,33999.01,-20399.41,-6799.81,6799.8,True,172.0,5.0,152.0,6.5,5.84,80.0,83.0,synthetic_placeholder,True
SYN Energy 04,SYNENE04,Energy,2024,Q2,Q2 2024,2,8097,synthetic,199521.89,176620.56,22901.34,16010.92,795034.53,390068.54,257540.25,404965.99,33409.36,-19904.82,-6805.61,6698.93,True,174.0,4.66,153.2,6.55,5.9,83.91,83.25,synthetic_placeholder,True
SYN Energy 04,SYNENE04,Energy,2024,Q3,Q3 2024,3,8098,synthetic,196923.28,173938.24,22985.05,15958.07,758691.51,387035.61,237294.95,371655.9,32812.34,-19438.64,-6795.36,6578.34,True,176.15,4.94,154.57,6.45,5.77,83.39,83.26,synthetic_placeholder,True
SYN Energy 04,SYNENE04,Energy,2024,Q4,Q4 2024,4,8099,synthetic,196808.66,173758.03,23050.63,16034.3,765592.73,394426.07,237465.41,371166.66,34201.18,-20003.41,-7148.73,7049.04,True,178.17,4.58,155.56,6.55,5.93,81.96,83.25,synthetic_placeholder,True
SYN Energy 04,SYNENE04,Energy,2025,Q1,Q1 2025,1,8100,synthetic,209032.23,184307.62,24724.62,16715.3,785087.36,401900.33,249187.12,383187.04,36338.07,-21941.11,-7819.02,6577.94,True,180.44,5.1,156.66,6.65,6.02,80.81,83.46,synthetic_placeholder,True
SYN Energy 04,SYNENE04,Energy,2025,Q2,Q2 2025,2,8101,synthetic,209999.22,184580.78,25418.44,16781.2,805565.69,418553.46,258436.69,387012.23,35189.7,-22011.7,-7307.32,5870.68,True,182.71,5.04,157.79,6.45,5.8,82.53,83.77,synthetic_placeholder,True
SYN Energy 04,SYNENE04,Energy,2025,Q3,Q3 2025,3,8102,synthetic,210533.89,185669.58,24864.31,16509.72,778991.25,379159.66,250997.58,399831.59,33113.11,-20606.88,-7290.48,5215.75,True,184.98,4.95,159.06,6.3,5.68,83.74,84.04,synthetic_placeholder,True
SYN Energy 04,SYNENE04,Energy,2025,Q4,Q4 2025,4,8103,synthetic,221885.74,194990.48,26895.27,16840.49,807046.21,392306.59,247216.1,414739.62,32863.21,-19141.64,-7027.2,6694.37,True,187.15,4.7,160.35,6.3,5.66,85.12,84.13,synthetic_placeholder,True
SYN Energy 05,SYNENE05,Energy,2024,Q1,Q1 2024,1,8096,synthetic,270437.52,239809.86,30627.66,22633.95,1089166.23,544583.11,326749.87,544583.13,44400.69,-26640.42,-8880.14,8880.14,True,172.0,5.0,152.0,6.5,5.84,80.0,83.0,synthetic_placeholder,True
SYN Energy 05,SYNENE05,Energy,2024,Q2,Q2 2024,2,8097,synthetic,264438.21,233264.64,31173.57,21650.91,1090856.04,535040.66,336905.91,555815.37,45660.82,-25469.69,-8932.29,11258.84,True,174.0,4.66,153.2,6.55,5.9,83.91,83.25,synthetic_placeholder,True
SYN Energy 05,SYNENE05,Energy,2024,Q3,Q3 2024,3,8098,synthetic,257999.55,227800.94,30198.61,20755.1,1059639.81,501589.04,338129.58,558050.77,45811.37,-26276.4,-9063.36,10471.61,True,176.15,4.94,154.57,6.45,5.77,83.39,83.26,synthetic_placeholder,True
SYN Energy 05,SYNENE05,Energy,2024,Q4,Q4 2024,4,8099,synthetic,267219.16,237612.33,29606.83,21261.09,1084598.04,515899.27,329554.84,568698.77,44707.45,-24885.46,-8965.04,10856.95,True,178.17,4.58,155.56,6.55,5.93,81.96,83.25,synthetic_placeholder,True
SYN Energy 05,SYNENE05,Energy,2025,Q1,Q1 2025,1,8100,synthetic,272922.95,243412.84,29510.11,20818.57,1112398.81,540706.25,318743.21,571692.56,45296.95,-24869.03,-9170.68,11257.24,True,180.44,5.1,156.66,6.65,6.02,80.81,83.46,synthetic_placeholder,True
SYN Energy 05,SYNENE05,Energy,2025,Q2,Q2 2025,2,8101,synthetic,284295.81,253047.68,31248.12,21277.29,1130366.83,523279.55,338776.07,607087.28,46953.05,-24706.06,-9574.01,12672.98,True,182.71,5.04,157.79,6.45,5.8,82.53,83.77,synthetic_placeholder,True
SYN Energy 05,SYNENE05,Energy,2025,Q3,Q3 2025,3,8102,synthetic,294746.28,261965.11,32781.18,21577.24,1131598.37,524244.57,349385.17,607353.8,49080.21,-24732.96,-10481.45,13865.8,True,184.98,4.95,159.06,6.3,5.68,83.74,84.04,synthetic_placeholder,True
SYN Energy 05,SYNENE05,Energy,2025,Q4,Q4 2025,4,8103,synthetic,302337.66,270292.97,32044.68,22645.27,1128002.73,519130.78,326992.36,608871.95,45644.51,-22881.65,-9435.53,13327.33,True,187.15,4.7,160.35,6.3,5.66,85.12,84.13,synthetic_placeholder,True
SYN Energy 06,SYNENE06,Energy,2024,Q1,Q1 2024,1,8096,synthetic,204095.06,180980.83,23114.22,17081.49,821977.1,410988.54,246593.13,410988.55,33508.52,-20105.11,-6701.71,6701.7,True,172.0,5.0,152.0,6.5,5.84,80.0,83.0,synthetic_placeholder,True
SYN Energy 06,SYNENE06,Energy,2024,Q2,Q2 2024,2,8097,synthetic,213956.37,189883.57,24072.8,18192.69,881387.31,454943.61,242316.41,426443.7,35576.99,-21021.78,-6739.75,7815.47,True,174.0,4.66,153.2,6.55,5.9,83.91,83.25,synthetic_placeholder,True
SYN Energy 06,SYNENE06,Energy,2024,Q3,Q3 2024,3,8098,synthetic,228028.73,202668.02,25360.71,21084.41,972484.66,483595.06,285915.6,488889.6,35802.65,-21962.95,-6935.47,6904.23,True,176.15,4.94,154.57,6.45,5.77,83.39,83.26,synthetic_placeholder,True
SYN Energy 06,SYNENE06,Energy,2024,Q4,Q4 2024,4,8099,synthetic,229702.91,203935.11,25767.8,20106.96,985279.63,477746.45,296892.6,507533.18,36435.7,-22710.9,-7085.33,6639.47,True,178.17,4.58,155.56,6.55,5.93,81.96,83.25,synthetic_placeholder,True
SYN Energy 06,SYNENE06,Energy,2025,Q1,Q1 2025,1,8100,synthetic,231049.45,205326.83,25722.62,20421.42,1024713.23,499042.54,305622.63,525670.69,36241.77,-22328.68,-7552.29,6360.8,True,180.44,5.1,156.66,6.65,6.02,80.81,83.46,synthetic_placeholder,True
SYN Energy 06,SYNENE06,Energy,2025,Q2,Q2 2025,2,8101,synthetic,241881.99,214987.79,26894.2,20891.3,997310.18,485448.8,284460.11,511861.38,39221.97,-23993.38,-7903.57,7325.02,True,182.71,5.04,157.79,6.45,5.8,82.53,83.77,synthetic_placeholder,True
SYN Energy 06,SYNENE06,Energy,2025,Q3,Q3 2025,3,8102,synthetic,253043.4,224841.85,28201.55,22233.88,1093111.08,536599.12,313941.47,556511.95,40908.15,-23848.32,-8217.96,8841.87,True,184.98,4.95,159.06,6.3,5.68,83.74,84.04,synthetic_placeholder,True
SYN Energy 06,SYNENE06,Energy,2025,Q4,Q4 2025,4,8103,synthetic,262647.3,233970.86,28676.45,23109.97,1147364.91,581556.88,296069.14,565808.02,40730.79,-24021.65,-8623.76,8085.38,True,187.15,4.7,160.35,6.3,5.66,85.12,84.13,synthetic_placeholder,True
SYN Energy 07,SYNENE07,Energy,2024,Q1,Q1 2024,1,8096,synthetic,315702.22,279948.23,35753.99,26422.32,1271466.34,635733.16,381439.9,635733.18,51832.3,-31099.38,-10366.46,10366.46,True,172.0,5.0,152.0,6.5,5.84,80.0,83.0,synthetic_placeholder,True
SYN Energy 07,SYNENE07,Energy,2024,Q2,Q2 2024,2,8097,synthetic,316521.37,280529.3,35992.07,26267.88,1254178.6,617083.25,369322.16,637095.35,52584.13,-30591.96,-10075.85,11916.32,True,174.0,4.66,153.2,6.55,5.9,83.91,83.25,synthetic_placeholder,True
SYN Energy 07,SYNENE07,Energy,2024,Q3,Q3 2024,3,8098,synthetic,321869.49,284775.15,37094.34,25509.15,1284856.62,608488.68,386284.65,676367.94,55860.88,-32621.71,-10490.92,12748.25,True,176.15,4.94,154.57,6.45,5.77,83.39,83.26,synthetic_placeholder,True
SYN Energy 07,SYNENE07,Energy,2024,Q4,Q4 2024,4,8099,synthetic,327823.51,290300.75,37522.76,25181.79,1303073.21,624710.23,389067.73,678362.98,56228.12,-32261.19,-11169.07,12797.85,True,178.17,4.58,155.56,6.55,5.93,81.96,83.25,synthetic_placeholder,True
SYN Energy 07,SYNENE07,Energy,2025,Q1,Q1 2025,1,8100,synthetic,336444.62,299800.93,36643.69,25427.04,1372368.7,648738.08,386077.49,723630.62,53953.79,-30465.54,-11079.77,12408.48,True,180.44,5.1,156.66,6.65,6.02,80.81,83.46,synthetic_placeholder,True
SYN Energy 07,SYNENE07,Energy,2025,Q2,Q2 2025,2,8101,synthetic,338356.3,300411.53,37944.77,26513.9,1358022.64,687688.32,360183.37,670334.32,52055.17,-29928.09,-10721.18,11405.9,True,182.71,5.04,157.79,6.45,5.8,82.53,83.77,synthetic_placeholder,True
SYN Energy 07,SYNENE07,Energy,2025,Q3,Q3 2025,3,8102,synthetic,341945.58,303178.93,38766.65,26281.09,1307683.06,627675.61,386239.51,680007.45,54205.36,-29913.01,-10849.02,13443.33,True,184.98,4.95,159.06,6.3,5.68,83.74,84.04,synthetic_placeholder,True
SYN Energy 07,SYNENE07,Energy,2025,Q4,Q4 2025,4,8103,synthetic,333517.54,296529.93,36987.61,26125.66,1222573.88,590408.91,354180.9,632164.97,51542.24,-29337.06,-10152.21,12052.98,True,187.15,4.7,160.35,6.3,5.66,85.12,84.13,synthetic_placeholder,True
SYN Energy 08,SYNENE08,Energy,2024,Q1,Q1 2024,1,8096,synthetic,213462.12,189287.06,24175.07,17865.46,859702.24,429851.11,257910.67,429851.13,35046.42,-21027.85,-7009.29,7009.28,True,172.0,5.0,152.0,6.5,5.84,80.0,83.0,synthetic_placeholder,True
SYN Energy 08,SYNENE08,Energy,2024,Q2,Q2 2024,2,8097,synthetic,217931.61,194263.53,23668.08,17521.73,857309.06,457815.6,232132.08,399493.46,34385.57,-19937.25,-7127.35,7320.98,True,174.0,4.66,153.2,6.55,5.9,83.91,83.25,synthetic_placeholder,True
SYN Energy 08,SYNENE08,Energy,2024,Q3,Q3 2024,3,8098,synthetic,221897.37,197935.64,23961.73,18199.83,856701.21,443344.69,239147.77,413356.52,33459.39,-20251.33,-7166.15,6041.91,True,176.15,4.94,154.57,6.45,5.77,83.39,83.26,synthetic_placeholder,True
SYN Energy 08,SYNENE08,Energy,2024,Q4,Q4 2024,4,8099,synthetic,225964.27,202163.45,23800.82,18102.68,855224.09,443515.26,229500.03,411708.83,34935.74,-21658.2,-7124.99,6152.55,True,178.17,4.58,155.56,6.55,5.93,81.96,83.25,synthetic_placeholder,True
SYN Energy 08,SYNENE08,Energy,2025,Q1,Q1 2025,1,8100,synthetic,229083.6,204873.62,24209.98,18034.9,852317.28,426411.11,243412.08,425906.17,36729.81,-22835.62,-7558.65,6335.54,True,180.44,5.1,156.66,6.65,6.02,80.81,83.46,synthetic_placeholder,True
SYN Energy 08,SYNENE08,Energy,2025,Q2,Q2 2025,2,8101,synthetic,224697.29,201227.72,23469.57,17856.12,863565.44,421959.85,245435.74,441605.59,35923.67,-20701.98,-7617.97,7603.72,True,182.71,5.04,157.79,6.45,5.8,82.53,83.77,synthetic_placeholder,True
SYN Energy 08,SYNENE08,Energy,2025,Q3,Q3 2025,3,8102,synthetic,221891.63,197687.89,24203.74,17373.03,868869.44,416526.44,272593.43,452343.0,35550.57,-19882.55,-7163.79,8504.22,True,184.98,4.95,159.06,6.3,5.68,83.74,84.04,synthetic_placeholder,True
SYN Energy 08,SYNENE08,Energy,2025,Q4,Q4 2025,4,8103,synthetic,227798.93,202573.19,25225.73,18313.28,937758.99,435293.97,298697.89,502465.02,37285.84,-21283.3,-7511.69,8490.85,True,187.15,4.7,160.35,6.3,5.66,85.12,84.13,synthetic_placeholder,True
SYN Energy 09,SYNENE09,Energy,2024,Q1,Q1 2024,1,8096,synthetic,228985.32,203052.22,25933.1,19164.65,922220.71,461110.35,276666.21,461110.36,37595.03,-22557.02,-7519.01,7519.0,True,172.0,5.0,152.0,6.5,5.84,80.0,83.0,synthetic_placeholder,True
SYN Energy 09,SYNENE09,Energy,2024,Q2,Q2 2024,2,8097,synthetic,231843.26,205617.76,26225.49,19403.52,938497.82,480077.8,267822.74,458420.02,38119.24,-23474.63,-7775.12,6869.49,True,174.0,4.66,153.2,6.55,5.9,83.91,83.25,synthetic_placeholder,True
SYN Energy 09,SYNENE09,Energy,2024,Q3,Q3 2024,3,8098,synthetic,224873.22,199098.51,25774.7,18842.59,897663.2,476019.46,244663.4,421643.74,37710.8,-22179.9,-7543.77,7987.13,True,176.15,4.94,154.57,6.45,5.77,83.39,83.26,synthetic_placeholder,True
SYN Energy 09,SYNENE09,Energy,2024,Q4,Q4 2024,4,8099,synthetic,221910.68,196707.83,25202.85,19130.28,903492.43,488375.07,246276.41,415117.36,36587.93,-20673.57,-7369.93,8544.43,True,178.17,4.58,155.56,6.55,5.93,81.96,83.25,synthetic_placeholder,True
SYN Energy 09,SYNENE09,Energy,2025,Q1,Q1 2025,1,8100,synthetic,220852.22,196077.83,24774.38,17923.64,924341.38,486459.53,260229.3,437881.85,37560.95,-19925.94,-7497.98,10137.03,True,180.44,5.1,156.66,6.65,6.02,80.81,83.46,synthetic_placeholder,True
SYN Energy 09,SYNENE09,Energy,2025,Q2,Q2 2025,2,8101,synthetic,221716.48,196776.24,24940.24,16928.28,941432.07,505468.99,250404.38,435963.08,36790.69,-19536.46,-7492.31,9761.92,True,182.71,5.04,157.79,6.45,5.8,82.53,83.77,synthetic_placeholder,True
SYN Energy 09,SYNENE09,Energy,2025,Q3,Q3 2025,3,8102,synthetic,221244.19,197791.26,23452.93,17030.97,932075.82,513364.93,243486.63,418710.9,33987.1,-17442.22,-7020.02,9524.85,True,184.98,4.95,159.06,6.3,5.68,83.74,84.04,synthetic_placeholder,True
SYN Energy 09,SYNENE09,Energy,2025,Q4,Q4 2025,4,8103,synthetic,220770.65,197033.0,23737.65,16990.89,871271.19,502316.32,218277.36,368954.88,34411.04,-17456.06,-6960.05,9994.94,True,187.15,4.7,160.35,6.3,5.66,85.12,84.13,synthetic_placeholder,True
SYN Energy 10,SYNENE10,Energy,2024,Q1,Q1 2024,1,8096,synthetic,196131.42,173919.09,22212.32,16414.99,789904.16,394952.07,236971.25,394952.09,32201.05,-19320.63,-6440.21,6440.21,True,172.0,5.0,152.0,6.5,5.84,80.0,83.0,synthetic_placeholder,True
SYN Energy 10,SYNENE10,Energy,2024,Q2,Q2 2024,2,8097,synthetic,205171.82,181733.57,23438.25,16882.2,861646.74,434270.85,247679.45,427375.89,32881.71,-19748.18,-6000.82,7132.71,True,174.0,4.66,153.2,6.55,5.9,83.91,83.25,synthetic_placeholder,True
SYN Energy 10,SYNENE10,Energy,2024,Q3,Q3 2024,3,8098,synthetic,213969.84,189411.23,24558.6,17280.66,854759.44,417054.21,237258.4,437705.23,33880.26,-20437.83,-6403.84,7038.59,True,176.15,4.94,154.57,6.45,5.77,83.39,83.26,synthetic_placeholder,True
SYN Energy 10,SYNENE10,Energy,2024,Q4,Q4 2024,4,8099,synthetic,213224.48,188904.9,24319.59,16603.44,870304.48,427182.13,238275.02,443122.35,34628.8,-20594.94,-5946.89,8086.97,True,178.17,4.58,155.56,6.55,5.93,81.96,83.25,synthetic_placeholder,True
SYN Energy 10,SYNENE10,Energy,2025,Q1,Q1 2025,1,8100,synthetic,218480.2,193053.92,25426.28,16469.41,929801.55,435010.47,261416.11,494791.08,36859.5,-22207.99,-6212.99,8438.52,True,180.44,5.1,156.66,6.65,6.02,80.81,83.46,synthetic_placeholder,True
SYN Energy 10,SYNENE10,Energy,2025,Q2,Q2 2025,2,8101,synthetic,217433.48,192410.49,25022.99,15491.46,912665.73,433947.34,241155.61,478718.4,36133.37,-21260.78,-6277.94,8594.65,True,182.71,5.04,157.79,6.45,5.8,82.53,83.77,synthetic_placeholder,True
SYN Energy 10,SYNENE10,Energy,2025,Q3,Q3 2025,3,8102,synthetic,226765.15,200483.81,26281.34,16510.05,954731.79,467900.86,248575.3,486830.92,38655.3,-23092.55,-6652.18,8910.57,True,184.98,4.95,159.06,6.3,5.68,83.74,84.04,synthetic_placeholder,True
SYN Energy 10,SYNENE10,Energy,2025,Q4,Q4 2025,4,8103,synthetic,239704.64,211196.95,28507.68,18399.21,948418.33,453885.91,249099.04,494532.42,40469.55,-24576.64,-6658.07,9234.85,True,187.15,4.7,160.35,6.3,5.66,85.12,84.13,synthetic_placeholder,True
SYN FMCG 01,SYNFMC01,FMCG,2024,Q1,Q1 2024,1,8096,synthetic,11658.64,8362.96,3295.68,2458.85,53353.14,26676.57,16005.94,26676.57,3301.68,-1981.01,-660.34,660.33,True,172.0,5.0,152.0,6.5,5.84,80.0,83.0,synthetic_placeholder,True
SYN FMCG 01,SYNFMC01,FMCG,2024,Q2,Q2 2024,2,8097,synthetic,12191.12,8655.36,3535.76,2694.9,53734.76,28480.19,15565.53,25254.56,3517.1,-2095.33,-708.01,713.76,True,174.0,4.66,153.2,6.55,5.9,83.91,83.25,synthetic_placeholder,True
SYN FMCG 01,SYNFMC01,FMCG,2024,Q3,Q3 2024,3,8098,synthetic,12005.8,8447.28,3558.52,2651.28,49456.51,26257.02,13782.97,23199.49,3461.76,-2043.38,-729.79,688.58,True,176.15,4.94,154.57,6.45,5.77,83.39,83.26,synthetic_placeholder,True
SYN FMCG 01,SYNFMC01,FMCG,2024,Q4,Q4 2024,4,8099,synthetic,12373.47,8895.12,3478.35,2637.22,50390.49,26949.82,13806.63,23440.68,3433.01,-2032.78,-734.34,665.89,True,178.17,4.58,155.56,6.55,5.93,81.96,83.25,synthetic_placeholder,True
SYN FMCG 01,SYNFMC01,FMCG,2025,Q1,Q1 2025,1,8100,synthetic,12669.62,9151.14,3518.48,2645.48,48805.93,24711.32,13942.28,24094.61,3497.45,-2176.34,-751.96,569.15,True,180.44,5.1,156.66,6.65,6.02,80.81,83.46,synthetic_placeholder,True
SYN FMCG 01,SYNFMC01,FMCG,2025,Q2,Q2 2025,2,8101,synthetic,12570.26,9169.77,3400.49,2561.61,47330.5,23494.13,13860.85,23836.38,3371.17,-2013.41,-712.62,645.14,True,182.71,5.04,157.79,6.45,5.8,82.53,83.77,synthetic_placeholder,True
SYN FMCG 01,SYNFMC01,FMCG,2025,Q3,Q3 2025,3,8102,synthetic,12463.42,8961.0,3502.42,2442.72,45648.35,22805.49,13027.89,22842.86,3427.39,-2094.26,-725.18,607.95,True,184.98,4.95,159.06,6.3,5.68,83.74,84.04,synthetic_placeholder,True
SYN FMCG 01,SYNFMC01,FMCG,2025,Q4,Q4 2025,4,8103,synthetic,12218.14,8923.71,3294.43,2401.46,43580.38,21103.16,12715.17,22477.22,3300.89,-1902.41,-693.13,705.34,True,187.15,4.7,160.35,6.3,5.66,85.12,84.13,synthetic_placeholder,True
SYN FMCG 02,SYNFMC02,FMCG,2024,Q1,Q1 2024,1,8096,synthetic,12984.6,9314.09,3670.51,2738.5,59421.07,29710.53,17826.32,29710.54,3677.18,-2206.31,-735.44,735.44,True,172.0,5.0,152.0,6.5,5.84,80.0,83.0,synthetic_placeholder,True
SYN FMCG 02,SYNFMC02,FMCG,2024,Q2,Q2 2024,2,8097,synthetic,13150.19,9407.04,3743.15,2957.65,60008.82,29995.23,18016.08,30013.59,3457.25,-2081.43,-705.14,670.68,True,174.0,4.66,153.2,6.55,5.9,83.91,83.25,synthetic_placeholder,True
SYN FMCG 02,SYNFMC02,FMCG,2024,Q3,Q3 2024,3,8098,synthetic,13430.76,9497.05,3933.71,2979.8,59246.53,31026.99,16537.73,28219.54,3655.65,-2249.52,-788.48,617.65,True,176.15,4.94,154.57,6.45,5.77,83.39,83.26,synthetic_placeholder,True
SYN FMCG 02,SYNFMC02,FMCG,2024,Q4,Q4 2024,4,8099,synthetic,13450.74,9500.8,3949.95,2924.62,61450.75,32335.12,17129.38,29115.63,3618.09,-2195.52,-762.5,660.07,True,178.17,4.58,155.56,6.55,5.93,81.96,83.25,synthetic_placeholder,True
SYN FMCG 02,SYNFMC02,FMCG,2025,Q1,Q1 2025,1,8100,synthetic,13324.13,9365.35,3958.78,2934.81,62014.89,32604.48,17266.58,29410.42,3768.5,-2355.15,-761.34,652.0,True,180.44,5.1,156.66,6.65,6.02,80.81,83.46,synthetic_placeholder,True
SYN FMCG 02,SYNFMC02,FMCG,2025,Q2,Q2 2025,2,8101,synthetic,12941.56,9061.39,3880.16,2872.08,57949.21,29863.42,15829.28,28085.8,3638.98,-2206.41,-713.24,719.32,True,182.71,5.04,157.79,6.45,5.8,82.53,83.77,synthetic_placeholder,True
SYN FMCG 02,SYNFMC02,FMCG,2025,Q3,Q3 2025,3,8102,synthetic,13011.59,9121.15,3890.45,2765.93,61369.13,32177.87,15725.88,29191.26,3720.81,-2275.97,-743.73,701.11,True,184.98,4.95,159.06,6.3,5.68,83.74,84.04,synthetic_placeholder,True
SYN FMCG 02,SYNFMC02,FMCG,2025,Q4,Q4 2025,4,8103,synthetic,13354.31,9424.97,3929.33,2934.39,64230.37,34159.65,16474.32,30070.72,3713.25,-2334.21,-753.31,625.73,True,187.15,4.7,160.35,6.3,5.66,85.12,84.13,synthetic_placeholder,True
SYN FMCG 03,SYNFMC03,FMCG,2024,Q1,Q1 2024,1,8096,synthetic,17719.14,12710.27,5008.88,3737.03,81087.64,40543.82,24326.29,40543.83,5017.99,-3010.79,-1003.6,1003.6,True,172.0,5.0,152.0,6.5,5.84,80.0,83.0,synthetic_placeholder,True
SYN FMCG 03,SYNFMC03,FMCG,2024,Q2,Q2 2024,2,8097,synthetic,17576.08,12681.11,4894.97,3749.08,79607.34,39867.85,24575.03,39739.49,4996.47,-2835.27,-983.95,1177.26,True,174.0,4.66,153.2,6.55,5.9,83.91,83.25,synthetic_placeholder,True
SYN FMCG 03,SYNFMC03,FMCG,2024,Q3,Q3 2024,3,8098,synthetic,18017.85,13272.35,4745.5,3807.69,78163.77,36613.0,26294.14,41550.77,4863.06,-2887.34,-997.92,977.8,True,176.15,4.94,154.57,6.45,5.77,83.39,83.26,synthetic_placeholder,True
SYN FMCG 03,SYNFMC03,FMCG,2024,Q4,Q4 2024,4,8099,synthetic,17872.8,13250.62,4622.18,3757.45,72934.22,33225.49,25056.63,39708.73,4853.03,-2903.57,-964.57,984.89,True,178.17,4.58,155.56,6.55,5.93,81.96,83.25,synthetic_placeholder,True
SYN FMCG 03,SYNFMC03,FMCG,2025,Q1,Q1 2025,1,8100,synthetic,18497.43,13870.55,4626.87,4001.29,74890.86,34533.69,25108.28,40357.17,4871.75,-2764.85,-945.11,1161.79,True,180.44,5.1,156.66,6.65,6.02,80.81,83.46,synthetic_placeholder,True
SYN FMCG 03,SYNFMC03,FMCG,2025,Q2,Q2 2025,2,8101,synthetic,20327.01,15463.21,4863.8,4392.79,82437.82,38455.15,26847.26,43982.67,5241.77,-2911.14,-1023.34,1307.29,True,182.71,5.04,157.79,6.45,5.8,82.53,83.77,synthetic_placeholder,True
SYN FMCG 03,SYNFMC03,FMCG,2025,Q3,Q3 2025,3,8102,synthetic,21721.78,16255.68,5466.1,4768.95,84695.39,38140.85,28815.95,46554.53,6044.77,-3434.85,-1193.93,1415.99,True,184.98,4.95,159.06,6.3,5.68,83.74,84.04,synthetic_placeholder,True
SYN FMCG 03,SYNFMC03,FMCG,2025,Q4,Q4 2025,4,8103,synthetic,23000.89,17165.54,5835.35,5020.08,89590.0,40536.82,30540.26,49053.17,6297.37,-3548.36,-1262.35,1486.67,True,187.15,4.7,160.35,6.3,5.66,85.12,84.13,synthetic_placeholder,True
SYN FMCG 04,SYNFMC04,FMCG,2024,Q1,Q1 2024,1,8096,synthetic,23518.54,16870.28,6648.26,4960.15,107627.27,53813.63,32288.18,53813.64,6660.35,-3996.21,-1332.07,1332.07,True,172.0,5.0,152.0,6.5,5.84,80.0,83.0,synthetic_placeholder,True
SYN FMCG 04,SYNFMC04,FMCG,2024,Q2,Q2 2024,2,8097,synthetic,24105.66,17177.95,6927.72,5004.09,107670.54,53298.79,32266.43,54371.75,7065.44,-4404.75,-1386.97,1273.73,True,174.0,4.66,153.2,6.55,5.9,83.91,83.25,synthetic_placeholder,True
SYN FMCG 04,SYNFMC04,FMCG,2024,Q3,Q3 2024,3,8098,synthetic,24942.54,17764.81,7177.73,5243.41,110233.64,58994.07,30523.85,51239.57,7393.46,-4696.83,-1414.32,1282.32,True,176.15,4.94,154.57,6.45,5.77,83.39,83.26,synthetic_placeholder,True
SYN FMCG 04,SYNFMC04,FMCG,2024,Q4,Q4 2024,4,8099,synthetic,25463.29,18313.57,7149.72,5524.47,113375.53,61393.14,30907.36,51982.39,7185.77,-4647.74,-1330.15,1207.88,True,178.17,4.58,155.56,6.55,5.93,81.96,83.25,synthetic_placeholder,True
SYN FMCG 04,SYNFMC04,FMCG,2025,Q1,Q1 2025,1,8100,synthetic,26023.65,18701.75,7321.9,5662.64,118812.39,62948.53,33944.08,55863.86,7508.38,-5038.11,-1377.37,1092.9,True,180.44,5.1,156.66,6.65,6.02,80.81,83.46,synthetic_placeholder,True
SYN FMCG 04,SYNFMC04,FMCG,2025,Q2,Q2 2025,2,8101,synthetic,26640.19,19151.13,7489.06,6203.36,122791.56,63701.76,34992.18,59089.81,7508.42,-5463.25,-1327.11,718.06,True,182.71,5.04,157.79,6.45,5.8,82.53,83.77,synthetic_placeholder,True
SYN FMCG 04,SYNFMC04,FMCG,2025,Q3,Q3 2025,3,8102,synthetic,27365.43,19627.9,7737.53,6299.97,130898.88,65987.21,37199.46,64911.67,7636.15,-5271.29,-1363.25,1001.61,True,184.98,4.95,159.06,6.3,5.68,83.74,84.04,synthetic_placeholder,True
SYN FMCG 04,SYNFMC04,FMCG,2025,Q4,Q4 2025,4,8103,synthetic,28540.09,19936.25,8603.84,6634.27,136128.8,70551.78,37833.64,65577.02,8250.65,-5569.32,-1475.24,1206.09,True,187.15,4.7,160.35,6.3,5.66,85.12,84.13,synthetic_placeholder,True
SYN FMCG 05,SYNFMC05,FMCG,2024,Q1,Q1 2024,1,8096,synthetic,20230.99,14512.06,5718.93,4266.79,92582.56,46291.28,27774.77,46291.29,5729.33,-3437.6,-1145.87,1145.86,True,172.0,5.0,152.0,6.5,5.84,80.0,83.0,synthetic_placeholder,True
SYN FMCG 05,SYNFMC05,FMCG,2024,Q2,Q2 2024,2,8097,synthetic,20892.41,15294.88,5597.52,4283.21,94992.27,47076.72,29863.38,47915.55,5357.79,-3229.23,-1122.44,1006.12,True,174.0,4.66,153.2,6.55,5.9,83.91,83.25,synthetic_placeholder,True
SYN FMCG 05,SYNFMC05,FMCG,2024,Q3,Q3 2024,3,8098,synthetic,21757.81,15925.39,5832.41,4326.92,96513.03,47175.84,32389.89,49337.19,5598.14,-3432.73,-1140.3,1025.11,True,176.15,4.94,154.57,6.45,5.77,83.39,83.26,synthetic_placeholder,True
SYN FMCG 05,SYNFMC05,FMCG,2024,Q4,Q4 2024,4,8099,synthetic,22222.9,16287.58,5935.32,4424.3,96980.51,48026.75,31302.82,48953.76,5565.59,-3636.57,-1098.17,830.86,True,178.17,4.58,155.56,6.55,5.93,81.96,83.25,synthetic_placeholder,True
SYN FMCG 05,SYNFMC05,FMCG,2025,Q1,Q1 2025,1,8100,synthetic,23861.09,17577.8,6283.29,4775.09,103577.07,52233.47,32844.65,51343.6,5907.09,-3891.81,-1164.19,851.1,True,180.44,5.1,156.66,6.65,6.02,80.81,83.46,synthetic_placeholder,True
SYN FMCG 05,SYNFMC05,FMCG,2025,Q2,Q2 2025,2,8101,synthetic,25119.02,18105.44,7013.58,4746.89,109334.57,54418.74,35141.71,54915.83,6436.59,-4302.37,-1265.11,869.11,True,182.71,5.04,157.79,6.45,5.8,82.53,83.77,synthetic_placeholder,True
SYN FMCG 05,SYNFMC05,FMCG,2025,Q3,Q3 2025,3,8102,synthetic,24862.74,17806.39,7056.35,4673.05,110182.57,56141.19,34480.38,54041.38,6262.21,-4050.5,-1197.51,1014.2,True,184.98,4.95,159.06,6.3,5.68,83.74,84.04,synthetic_placeholder,True
SYN FMCG 05,SYNFMC05,FMCG,2025,Q4,Q4 2025,4,8103,synthetic,24361.49,17296.79,7064.7,4580.77,111461.93,58462.07,33157.19,52999.86,6313.68,-3926.13,-1196.31,1191.25,True,187.15,4.7,160.35,6.3,5.66,85.12,84.13,synthetic_placeholder,True
SYN FMCG 06,SYNFMC06,FMCG,2024,Q1,Q1 2024,1,8096,synthetic,26288.65,18857.33,7431.32,5544.38,120304.05,60152.02,36091.21,60152.03,7444.84,-4466.9,-1488.97,1488.96,True,172.0,5.0,152.0,6.5,5.84,80.0,83.0,synthetic_placeholder,True
SYN FMCG 06,SYNFMC06,FMCG,2024,Q2,Q2 2024,2,8097,synthetic,26284.71,18866.7,7418.01,5346.9,120784.75,59567.14,35322.21,61217.61,7493.25,-4556.2,-1464.93,1472.12,True,174.0,4.66,153.2,6.55,5.9,83.91,83.25,synthetic_placeholder,True
SYN FMCG 06,SYNFMC06,FMCG,2024,Q3,Q3 2024,3,8098,synthetic,25629.78,18143.66,7486.12,5265.6,117086.27,58464.44,35738.44,58621.83,7666.09,-4820.91,-1475.91,1369.27,True,176.15,4.94,154.57,6.45,5.77,83.39,83.26,synthetic_placeholder,True
SYN FMCG 06,SYNFMC06,FMCG,2024,Q4,Q4 2024,4,8099,synthetic,26170.73,18764.32,7406.41,5416.52,121270.61,58572.88,37596.58,62697.73,7667.06,-4995.49,-1462.54,1209.03,True,178.17,4.58,155.56,6.55,5.93,81.96,83.25,synthetic_placeholder,True
SYN FMCG 06,SYNFMC06,FMCG,2025,Q1,Q1 2025,1,8100,synthetic,27030.72,19400.32,7630.4,5776.55,128221.82,63103.11,36723.99,65118.7,8064.21,-5187.0,-1515.68,1361.53,True,180.44,5.1,156.66,6.65,6.02,80.81,83.46,synthetic_placeholder,True
SYN FMCG 06,SYNFMC06,FMCG,2025,Q2,Q2 2025,2,8101,synthetic,27325.82,19455.89,7869.94,5936.13,131987.72,66726.65,38168.15,65261.07,8885.63,-5915.1,-1625.47,1345.06,True,182.71,5.04,157.79,6.45,5.8,82.53,83.77,synthetic_placeholder,True
SYN FMCG 06,SYNFMC06,FMCG,2025,Q3,Q3 2025,3,8102,synthetic,26667.39,19535.75,7131.64,5379.94,127979.4,64946.48,36879.78,63032.92,8286.61,-5669.86,-1390.25,1226.49,True,184.98,4.95,159.06,6.3,5.68,83.74,84.04,synthetic_placeholder,True
SYN FMCG 06,SYNFMC06,FMCG,2025,Q4,Q4 2025,4,8103,synthetic,26116.36,18915.47,7200.89,5144.73,118392.61,54559.13,38586.2,63833.48,7970.38,-5874.37,-1319.76,776.25,True,187.15,4.7,160.35,6.3,5.66,85.12,84.13,synthetic_placeholder,True
SYN FMCG 07,SYNFMC07,FMCG,2024,Q1,Q1 2024,1,8096,synthetic,19455.52,13955.8,5499.72,4103.24,89033.8,44516.9,26710.14,44516.91,5509.72,-3305.83,-1101.95,1101.94,True,172.0,5.0,152.0,6.5,5.84,80.0,83.0,synthetic_placeholder,True
SYN FMCG 07,SYNFMC07,FMCG,2024,Q2,Q2 2024,2,8097,synthetic,19604.74,13835.27,5769.47,4101.17,83742.93,41829.25,26264.38,41913.68,5660.01,-3275.26,-1098.11,1286.64,True,174.0,4.66,153.2,6.55,5.9,83.91,83.25,synthetic_placeholder,True
SYN FMCG 07,SYNFMC07,FMCG,2024,Q3,Q3 2024,3,8098,synthetic,20824.53,14685.8,6138.72,4411.16,92876.03,45707.1,29388.94,47168.93,6293.63,-3403.03,-1208.14,1682.46,True,176.15,4.94,154.57,6.45,5.77,83.39,83.26,synthetic_placeholder,True
SYN FMCG 07,SYNFMC07,FMCG,2024,Q4,Q4 2024,4,8099,synthetic,21687.58,15199.29,6488.29,4767.33,97216.95,47964.91,28795.21,49252.04,6801.58,-3694.24,-1324.46,1782.88,True,178.17,4.58,155.56,6.55,5.93,81.96,83.25,synthetic_placeholder,True
SYN FMCG 07,SYNFMC07,FMCG,2025,Q1,Q1 2025,1,8100,synthetic,23053.85,16081.01,6972.84,5241.01,106440.63,56875.71,28814.19,49564.92,7452.4,-4087.07,-1561.42,1803.91,True,180.44,5.1,156.66,6.65,6.02,80.81,83.46,synthetic_placeholder,True
SYN FMCG 07,SYNFMC07,FMCG,2025,Q2,Q2 2025,2,8101,synthetic,24161.23,16916.65,7244.57,5494.69,108534.44,59446.45,29231.86,49087.98,7887.21,-4482.45,-1725.9,1678.86,True,182.71,5.04,157.79,6.45,5.8,82.53,83.77,synthetic_placeholder,True
SYN FMCG 07,SYNFMC07,FMCG,2025,Q3,Q3 2025,3,8102,synthetic,25482.3,17748.78,7733.52,5380.76,109137.4,61658.78,27450.9,47478.63,8410.12,-5004.95,-1902.12,1503.05,True,184.98,4.95,159.06,6.3,5.68,83.74,84.04,synthetic_placeholder,True
SYN FMCG 07,SYNFMC07,FMCG,2025,Q4,Q4 2025,4,8103,synthetic,26611.67,17994.04,8617.63,5706.34,114865.92,66538.21,27793.98,48327.71,9427.12,-5874.41,-2107.34,1445.37,True,187.15,4.7,160.35,6.3,5.66,85.12,84.13,synthetic_placeholder,True
SYN FMCG 08,SYNFMC08,FMCG,2024,Q1,Q1 2024,1,8096,synthetic,12550.19,9002.48,3547.71,2646.88,57433.11,28716.55,17229.93,28716.56,3554.16,-2132.5,-710.83,710.83,True,172.0,5.0,152.0,6.5,5.84,80.0,83.0,synthetic_placeholder,True
SYN FMCG 08,SYNFMC08,FMCG,2024,Q2,Q2 2024,2,8097,synthetic,13048.72,9304.26,3744.45,2709.34,56201.78,27946.36,16512.83,28255.42,3928.59,-2400.73,-812.44,715.41,True,174.0,4.66,153.2,6.55,5.9,83.91,83.25,synthetic_placeholder,True
SYN FMCG 08,SYNFMC08,FMCG,2024,Q3,Q3 2024,3,8098,synthetic,13079.31,9404.79,3674.53,2771.42,57526.65,28052.33,16373.83,29474.33,3658.29,-2079.48,-804.36,774.44,True,176.15,4.94,154.57,6.45,5.77,83.39,83.26,synthetic_placeholder,True
SYN FMCG 08,SYNFMC08,FMCG,2024,Q4,Q4 2024,4,8099,synthetic,13147.48,9449.08,3698.4,2734.54,54946.89,27267.55,15510.78,27679.34,3522.84,-1890.68,-761.18,870.98,True,178.17,4.58,155.56,6.55,5.93,81.96,83.25,synthetic_placeholder,True
SYN FMCG 08,SYNFMC08,FMCG,2025,Q1,Q1 2025,1,8100,synthetic,13275.48,9550.79,3724.69,2627.9,55995.85,27416.23,15844.9,28579.62,3666.03,-1950.95,-791.72,923.36,True,180.44,5.1,156.66,6.65,6.02,80.81,83.46,synthetic_placeholder,True
SYN FMCG 08,SYNFMC08,FMCG,2025,Q2,Q2 2025,2,8101,synthetic,14001.53,10105.39,3896.15,2827.21,57485.96,28973.45,14682.73,28512.5,3990.86,-2222.57,-908.98,859.31,True,182.71,5.04,157.79,6.45,5.8,82.53,83.77,synthetic_placeholder,True
SYN FMCG 08,SYNFMC08,FMCG,2025,Q3,Q3 2025,3,8102,synthetic,14400.27,10298.16,4102.11,3005.7,57065.85,29004.33,14218.25,28061.52,4107.93,-2257.86,-892.92,957.15,True,184.98,4.95,159.06,6.3,5.68,83.74,84.04,synthetic_placeholder,True
SYN FMCG 08,SYNFMC08,FMCG,2025,Q4,Q4 2025,4,8103,synthetic,13871.17,10101.49,3769.68,2891.35,54240.38,26991.34,13433.37,27249.04,3703.44,-2041.71,-829.81,831.92,True,187.15,4.7,160.35,6.3,5.66,85.12,84.13,synthetic_placeholder,True
SYN FMCG 09,SYNFMC09,FMCG,2024,Q1,Q1 2024,1,8096,synthetic,11970.5,8586.66,3383.84,2524.62,54780.28,27390.14,16434.09,27390.14,3390.0,-2034.0,-678.0,678.0,True,172.0,5.0,152.0,6.5,5.84,80.0,83.0,synthetic_placeholder,True
SYN FMCG 09,SYNFMC09,FMCG,2024,Q2,Q2 2024,2,8097,synthetic,12240.57,8773.11,3467.46,2546.11,55326.33,26573.37,17594.37,28752.96,3477.57,-2100.16,-695.47,681.95,True,174.0,4.66,153.2,6.55,5.9,83.91,83.25,synthetic_placeholder,True
SYN FMCG 09,SYNFMC09,FMCG,2024,Q3,Q3 2024,3,8098,synthetic,12426.82,8846.28,3580.54,2644.48,56319.11,26924.74,17995.56,29394.37,3372.12,-2034.28,-690.87,646.96,True,176.15,4.94,154.57,6.45,5.77,83.39,83.26,synthetic_placeholder,True
SYN FMCG 09,SYNFMC09,FMCG,2024,Q4,Q4 2024,4,8099,synthetic,12348.0,8893.88,3454.13,2692.27,57633.94,26570.6,18754.3,31063.34,3273.72,-1968.98,-656.59,648.15,True,178.17,4.58,155.56,6.55,5.93,81.96,83.25,synthetic_placeholder,True
SYN FMCG 09,SYNFMC09,FMCG,2025,Q1,Q1 2025,1,8100,synthetic,12128.84,8660.73,3468.11,2602.04,55584.2,25085.36,18174.16,30498.84,3362.13,-2015.22,-689.82,657.09,True,180.44,5.1,156.66,6.65,6.02,80.81,83.46,synthetic_placeholder,True
SYN FMCG 09,SYNFMC09,FMCG,2025,Q2,Q2 2025,2,8101,synthetic,12226.31,8644.4,3581.91,2591.22,52933.96,23334.53,17811.63,29599.43,3443.28,-2070.49,-690.32,682.47,True,182.71,5.04,157.79,6.45,5.8,82.53,83.77,synthetic_placeholder,True
SYN FMCG 09,SYNFMC09,FMCG,2025,Q3,Q3 2025,3,8102,synthetic,12701.99,8690.05,4011.93,2735.74,51831.42,22546.55,17931.18,29284.87,4066.83,-2507.65,-842.01,717.17,True,184.98,4.95,159.06,6.3,5.68,83.74,84.04,synthetic_placeholder,True
SYN FMCG 09,SYNFMC09,FMCG,2025,Q4,Q4 2025,4,8103,synthetic,13034.91,8964.27,4070.63,2737.74,51180.27,23146.61,16697.68,28033.67,4017.24,-2579.45,-886.9,550.89,True,187.15,4.7,160.35,6.3,5.66,85.12,84.13,synthetic_placeholder,True
SYN FMCG 10,SYNFMC10,FMCG,2024,Q1,Q1 2024,1,8096,synthetic,16381.07,11750.44,4630.63,3454.83,74964.26,37482.12,22489.28,37482.13,4639.05,-2783.43,-927.81,927.81,True,172.0,5.0,152.0,6.5,5.84,80.0,83.0,synthetic_placeholder,True
SYN FMCG 10,SYNFMC10,FMCG,2024,Q2,Q2 2024,2,8097,synthetic,15810.78,11178.09,4632.69,3505.29,73559.7,37532.8,21774.81,36026.91,4729.01,-2810.86,-886.64,1031.51,True,174.0,4.66,153.2,6.55,5.9,83.91,83.25,synthetic_placeholder,True
SYN FMCG 10,SYNFMC10,FMCG,2024,Q3,Q3 2024,3,8098,synthetic,15477.04,10817.05,4659.99,3453.56,68309.82,34780.91,20353.48,33528.91,4825.41,-3042.02,-915.28,868.11,True,176.15,4.94,154.57,6.45,5.77,83.39,83.26,synthetic_placeholder,True
SYN FMCG 10,SYNFMC10,FMCG,2024,Q4,Q4 2024,4,8099,synthetic,15945.11,10925.02,5020.09,3643.92,69921.25,35204.7,20963.8,34716.55,5261.87,-3144.52,-986.68,1130.67,True,178.17,4.58,155.56,6.55,5.93,81.96,83.25,synthetic_placeholder,True
SYN FMCG 10,SYNFMC10,FMCG,2025,Q1,Q1 2025,1,8100,synthetic,16566.14,11294.39,5271.75,3799.89,76528.77,39782.67,22885.43,36746.1,5472.52,-3319.44,-961.56,1191.52,True,180.44,5.1,156.66,6.65,6.02,80.81,83.46,synthetic_placeholder,True
SYN FMCG 10,SYNFMC10,FMCG,2025,Q2,Q2 2025,2,8101,synthetic,17157.5,11549.29,5608.21,3866.29,78752.24,40272.88,23342.77,38479.37,5959.34,-3432.64,-1073.47,1453.23,True,182.71,5.04,157.79,6.45,5.8,82.53,83.77,synthetic_placeholder,True
SYN FMCG 10,SYNFMC10,FMCG,2025,Q3,Q3 2025,3,8102,synthetic,18067.97,12216.57,5851.4,4072.8,78451.77,41501.23,21324.65,36950.54,6209.25,-3564.98,-1166.64,1477.64,True,184.98,4.95,159.06,6.3,5.68,83.74,84.04,synthetic_placeholder,True
SYN FMCG 10,SYNFMC10,FMCG,2025,Q4,Q4 2025,4,8103,synthetic,18946.86,12921.54,6025.32,4454.9,86940.09,46739.67,23627.86,40200.41,6300.37,-3570.23,-1236.68,1493.46,True,187.15,4.7,160.35,6.3,5.66,85.12,84.13,synthetic_placeholder,True
SYN Tech 01,SYNTEC01,Tech,2024,Q1,Q1 2024,1,8096,synthetic,58817.09,43696.46,15120.63,11505.76,209259.41,101131.21,64876.91,108128.19,15312.62,-9187.57,-3062.53,3062.53,True,172.0,5.0,152.0,6.5,5.84,80.0,83.0,synthetic_placeholder,True
SYN Tech 01,SYNTEC01,Tech,2024,Q2,Q2 2024,2,8097,synthetic,60061.16,45458.94,14602.21,11883.51,213128.09,104929.62,67329.94,108198.46,14878.44,-8480.34,-3058.74,3339.35,True,174.0,4.66,153.2,6.55,5.9,83.91,83.25,synthetic_placeholder,True
SYN Tech 01,SYNTEC01,Tech,2024,Q3,Q3 2024,3,8098,synthetic,63291.22,47687.04,15604.18,12216.12,226879.57,108907.64,74043.62,117971.92,16461.7,-9614.63,-3305.94,3541.14,True,176.15,4.94,154.57,6.45,5.77,83.39,83.26,synthetic_placeholder,True
SYN Tech 01,SYNTEC01,Tech,2024,Q4,Q4 2024,4,8099,synthetic,68288.03,50303.85,17984.17,12799.48,248171.3,126842.9,71778.23,121328.4,18461.66,-10587.67,-3891.92,3982.07,True,178.17,4.58,155.56,6.55,5.93,81.96,83.25,synthetic_placeholder,True
SYN Tech 01,SYNTEC01,Tech,2025,Q1,Q1 2025,1,8100,synthetic,73601.79,53846.07,19755.72,14319.53,275461.63,142775.69,80942.48,132685.94,19676.18,-11151.41,-4062.77,4462.0,True,180.44,5.1,156.66,6.65,6.02,80.81,83.46,synthetic_placeholder,True
SYN Tech 01,SYNTEC01,Tech,2025,Q2,Q2 2025,2,8101,synthetic,75468.96,54316.66,21152.3,15287.29,283150.59,149900.19,79960.74,133250.4,20942.95,-11208.17,-4235.72,5499.05,True,182.71,5.04,157.79,6.45,5.8,82.53,83.77,synthetic_placeholder,True
SYN Tech 01,SYNTEC01,Tech,2025,Q3,Q3 2025,3,8102,synthetic,77560.8,55702.91,21857.88,15243.88,303309.6,152825.48,94125.69,150484.11,22178.59,-11627.69,-4692.51,5858.39,True,184.98,4.95,159.06,6.3,5.68,83.74,84.04,synthetic_placeholder,True
SYN Tech 01,SYNTEC01,Tech,2025,Q4,Q4 2025,4,8103,synthetic,80263.54,57693.67,22569.88,16233.19,316792.52,155679.42,100508.42,161113.1,21986.68,-11524.45,-4681.42,5780.81,True,187.15,4.7,160.35,6.3,5.66,85.12,84.13,synthetic_placeholder,True
SYN Tech 02,SYNTEC02,Tech,2024,Q1,Q1 2024,1,8096,synthetic,42759.4,31766.86,10992.54,8364.57,152129.37,73521.32,47164.83,78608.05,11132.12,-6679.27,-2226.42,2226.42,True,172.0,5.0,152.0,6.5,5.84,80.0,83.0,synthetic_placeholder,True
SYN Tech 02,SYNTEC02,Tech,2024,Q2,Q2 2024,2,8097,synthetic,43448.75,32297.66,11151.09,8350.2,162189.02,76438.73,49893.84,85750.29,11200.75,-6672.14,-2225.26,2303.35,True,174.0,4.66,153.2,6.55,5.9,83.91,83.25,synthetic_placeholder,True
SYN Tech 02,SYNTEC02,Tech,2024,Q3,Q3 2024,3,8098,synthetic,45703.21,33971.64,11731.57,8938.59,167975.77,79116.82,50616.73,88858.95,11776.78,-7092.19,-2409.58,2275.0,True,176.15,4.94,154.57,6.45,5.77,83.39,83.26,synthetic_placeholder,True
SYN Tech 02,SYNTEC02,Tech,2024,Q4,Q4 2024,4,8099,synthetic,49021.21,36007.51,13013.7,9562.23,181744.63,84097.29,55043.19,97647.33,12806.85,-8074.8,-2566.09,2165.96,True,178.17,4.58,155.56,6.55,5.93,81.96,83.25,synthetic_placeholder,True
SYN Tech 02,SYNTEC02,Tech,2025,Q1,Q1 2025,1,8100,synthetic,50289.86,36455.78,13834.08,9524.41,199831.41,93210.33,57525.41,106621.08,13896.44,-8895.5,-2660.32,2340.62,True,180.44,5.1,156.66,6.65,6.02,80.81,83.46,synthetic_placeholder,True
SYN Tech 02,SYNTEC02,Tech,2025,Q2,Q2 2025,2,8101,synthetic,51390.15,37393.02,13997.14,9453.42,197725.85,89598.22,57598.7,108127.63,14665.93,-8888.6,-2819.52,2957.81,True,182.71,5.04,157.79,6.45,5.8,82.53,83.77,synthetic_placeholder,True
SYN Tech 02,SYNTEC02,Tech,2025,Q3,Q3 2025,3,8102,synthetic,52582.06,38352.21,14229.85,10092.58,190793.28,85990.06,56026.77,104803.22,14702.05,-9031.86,-2677.53,2992.67,True,184.98,4.95,159.06,6.3,5.68,83.74,84.04,synthetic_placeholder,True
SYN Tech 02,SYNTEC02,Tech,2025,Q4,Q4 2025,4,8103,synthetic,52421.2,37952.17,14469.03,10014.49,197551.24,90237.34,56681.3,107313.9,15166.77,-9661.95,-2742.29,2762.53,True,187.15,4.7,160.35,6.3,5.66,85.12,84.13,synthetic_placeholder,True
SYN Tech 03,SYNTEC03,Tech,2024,Q1,Q1 2024,1,8096,synthetic,81385.12,60462.73,20922.39,15920.5,289551.94,139935.12,89770.09,149616.83,21188.06,-12712.83,-4237.61,4237.61,True,172.0,5.0,152.0,6.5,5.84,80.0,83.0,synthetic_placeholder,True
SYN Tech 03,SYNTEC03,Tech,2024,Q2,Q2 2024,2,8097,synthetic,79127.17,58483.01,20644.16,16029.61,281091.01,136505.99,85227.54,144585.02,20089.74,-12942.78,-4157.79,2989.18,True,174.0,4.66,153.2,6.55,5.9,83.91,83.25,synthetic_placeholder,True
SYN Tech 03,SYNTEC03,Tech,2024,Q3,Q3 2024,3,8098,synthetic,76289.71,56298.88,19990.83,15552.56,276755.59,138591.33,80536.99,138164.25,20462.11,-13733.21,-4367.75,2361.15,True,176.15,4.94,154.57,6.45,5.77,83.39,83.26,synthetic_placeholder,True
SYN Tech 03,SYNTEC03,Tech,2024,Q4,Q4 2024,4,8099,synthetic,73716.42,54172.01,19544.41,14948.52,266820.63,129262.84,78006.96,137557.8,19727.68,-12901.5,-4151.62,2674.55,True,178.17,4.58,155.56,6.55,5.93,81.96,83.25,synthetic_placeholder,True
SYN Tech 03,SYNTEC03,Tech,2025,Q1,Q1 2025,1,8100,synthetic,73093.64,54215.49,18878.15,15000.24,255516.65,124439.03,73954.05,131077.61,19040.52,-12694.03,-3986.96,2359.53,True,180.44,5.1,156.66,6.65,6.02,80.81,83.46,synthetic_placeholder,True
SYN Tech 03,SYNTEC03,Tech,2025,Q2,Q2 2025,2,8101,synthetic,72847.53,53549.1,19298.43,13666.36,253576.04,128272.89,74601.18,125303.14,19229.22,-12500.03,-4117.04,2612.15,True,182.71,5.04,157.79,6.45,5.8,82.53,83.77,synthetic_placeholder,True
SYN Tech 03,SYNTEC03,Tech,2025,Q3,Q3 2025,3,8102,synthetic,76001.46,56539.2,19462.26,14387.33,265090.74,127119.45,79027.42,137971.29,18843.02,-11596.22,-4081.74,3165.06,True,184.98,4.95,159.06,6.3,5.68,83.74,84.04,synthetic_placeholder,True
SYN Tech 03,SYNTEC03,Tech,2025,Q4,Q4 2025,4,8103,synthetic,80220.01,59162.65,21057.35,15134.28,280769.68,135363.62,80363.56,145406.06,20243.54,-12839.15,-4333.33,3071.06,True,187.15,4.7,160.35,6.3,5.66,85.12,84.13,synthetic_placeholder,True
SYN Tech 04,SYNTEC04,Tech,2024,Q1,Q1 2024,1,8096,synthetic,29433.18,21866.53,7566.65,5757.7,104717.35,50607.96,32465.63,54109.38,7662.73,-4597.63,-1532.55,1532.55,True,172.0,5.0,152.0,6.5,5.84,80.0,83.0,synthetic_placeholder,True
SYN Tech 04,SYNTEC04,Tech,2024,Q2,Q2 2024,2,8097,synthetic,30105.63,22527.36,7578.28,6198.9,105735.92,50086.8,32811.8,55649.12,7830.05,-4821.25,-1501.36,1507.44,True,174.0,4.66,153.2,6.55,5.9,83.91,83.25,synthetic_placeholder,True
SYN Tech 04,SYNTEC04,Tech,2024,Q3,Q3 2024,3,8098,synthetic,31562.71,24003.06,7559.65,6659.9,119615.5,57513.28,36122.91,62102.22,7942.1,-4746.19,-1493.87,1702.04,True,176.15,4.94,154.57,6.45,5.77,83.39,83.26,synthetic_placeholder,True
SYN Tech 04,SYNTEC04,Tech,2024,Q4,Q4 2024,4,8099,synthetic,31697.15,24226.81,7470.34,6842.75,122128.39,60599.4,37378.1,61528.99,7787.64,-4534.44,-1448.8,1804.4,True,178.17,4.58,155.56,6.55,5.93,81.96,83.25,synthetic_placeholder,True
SYN Tech 04,SYNTEC04,Tech,2025,Q1,Q1 2025,1,8100,synthetic,32587.81,24702.7,7885.11,7239.26,123813.0,62144.45,37340.9,61668.56,8361.42,-4884.41,-1535.92,1941.09,True,180.44,5.1,156.66,6.65,6.02,80.81,83.46,synthetic_placeholder,True
SYN Tech 04,SYNTEC04,Tech,2025,Q2,Q2 2025,2,8101,synthetic,33641.63,25633.89,8007.74,7602.66,129601.81,65234.33,38056.33,64367.48,8327.51,-5116.51,-1505.2,1705.81,True,182.71,5.04,157.79,6.45,5.8,82.53,83.77,synthetic_placeholder,True
SYN Tech 04,SYNTEC04,Tech,2025,Q3,Q3 2025,3,8102,synthetic,35152.9,26959.66,8193.24,7885.97,131317.0,66119.08,37950.26,65197.91,8454.07,-4895.77,-1528.4,2029.9,True,184.98,4.95,159.06,6.3,5.68,83.74,84.04,synthetic_placeholder,True
SYN Tech 04,SYNTEC04,Tech,2025,Q4,Q4 2025,4,8103,synthetic,37060.32,28894.48,8165.84,8165.84,144690.98,72729.62,43269.84,71961.35,8670.93,-5063.28,-1542.44,2065.22,True,187.15,4.7,160.35,6.3,5.66,85.12,84.13,synthetic_placeholder,True
SYN Tech 05,SYNTEC05,Tech,2024,Q1,Q1 2024,1,8096,synthetic,31091.6,23098.61,7992.99,6082.12,110617.67,53459.48,34294.91,57158.19,8094.48,-4856.69,-1618.9,1618.9,True,172.0,5.0,152.0,6.5,5.84,80.0,83.0,synthetic_placeholder,True
SYN Tech 05,SYNTEC05,Tech,2024,Q2,Q2 2024,2,8097,synthetic,32319.61,24008.64,8310.97,6508.35,119113.6,55760.28,39572.54,63353.32,8191.84,-4990.32,-1545.22,1656.29,True,174.0,4.66,153.2,6.55,5.9,83.91,83.25,synthetic_placeholder,True
SYN Tech 05,SYNTEC05,Tech,2024,Q3,Q3 2024,3,8098,synthetic,33889.38,25205.14,8684.24,7023.15,125181.49,57602.75,42520.1,67578.74,8182.62,-5213.4,-1548.9,1420.31,True,176.15,4.94,154.57,6.45,5.77,83.39,83.26,synthetic_placeholder,True
SYN Tech 05,SYNTEC05,Tech,2024,Q4,Q4 2024,4,8099,synthetic,35765.65,26094.11,9671.54,7190.58,131446.75,59359.21,44238.65,72087.54,9285.91,-5927.81,-1639.48,1718.63,True,178.17,4.58,155.56,6.55,5.93,81.96,83.25,synthetic_placeholder,True
SYN Tech 05,SYNTEC05,Tech,2025,Q1,Q1 2025,1,8100,synthetic,35735.75,25514.37,10221.37,7290.89,135655.45,62704.66,46884.22,72950.79,9583.17,-6222.59,-1624.85,1735.73,True,180.44,5.1,156.66,6.65,6.02,80.81,83.46,synthetic_placeholder,True
SYN Tech 05,SYNTEC05,Tech,2025,Q2,Q2 2025,2,8101,synthetic,36345.21,26468.58,9876.63,7391.31,140371.33,66784.3,47206.56,73587.04,10109.89,-6201.54,-1686.53,2221.82,True,182.71,5.04,157.79,6.45,5.8,82.53,83.77,synthetic_placeholder,True
SYN Tech 05,SYNTEC05,Tech,2025,Q3,Q3 2025,3,8102,synthetic,37632.81,26641.15,10991.66,7780.43,148535.2,70339.52,50352.9,78195.68,10884.66,-6541.08,-1770.49,2573.08,True,184.98,4.95,159.06,6.3,5.68,83.74,84.04,synthetic_placeholder,True
SYN Tech 05,SYNTEC05,Tech,2025,Q4,Q4 2025,4,8103,synthetic,37705.57,26995.04,10710.53,7849.42,145855.22,72035.43,47050.82,73819.79,10206.18,-5935.81,-1679.87,2590.5,True,187.15,4.7,160.35,6.3,5.66,85.12,84.13,synthetic_placeholder,True
SYN Tech 06,SYNTEC06,Tech,2024,Q1,Q1 2024,1,8096,synthetic,57728.49,42887.72,14840.77,11292.81,205386.38,99259.45,63676.15,106126.93,15029.21,-9017.53,-3005.84,3005.84,True,172.0,5.0,152.0,6.5,5.84,80.0,83.0,synthetic_placeholder,True
SYN Tech 06,SYNTEC06,Tech,2024,Q2,Q2 2024,2,8097,synthetic,60173.0,44888.12,15284.87,11343.57,220642.26,108372.19,70546.76,112270.08,15179.69,-8903.95,-3165.42,3110.33,True,174.0,4.66,153.2,6.55,5.9,83.91,83.25,synthetic_placeholder,True
SYN Tech 06,SYNTEC06,Tech,2024,Q3,Q3 2024,3,8098,synthetic,63180.57,47291.78,15888.78,12260.31,227937.54,110326.47,77962.24,117611.07,15459.32,-9304.56,-3184.92,2969.84,True,176.15,4.94,154.57,6.45,5.77,83.39,83.26,synthetic_placeholder,True
SYN Tech 06,SYNTEC06,Tech,2024,Q4,Q4 2024,4,8099,synthetic,67193.25,50709.8,16483.45,13069.73,239440.47,122458.1,75173.15,116982.37,16470.25,-10263.38,-3316.77,2890.09,True,178.17,4.58,155.56,6.55,5.93,81.96,83.25,synthetic_placeholder,True
SYN Tech 06,SYNTEC06,Tech,2025,Q1,Q1 2025,1,8100,synthetic,69995.73,52607.6,17388.13,13262.43,249735.13,127718.86,80553.56,122016.28,17791.55,-11438.11,-3759.42,2594.02,True,180.44,5.1,156.66,6.65,6.02,80.81,83.46,synthetic_placeholder,True
SYN Tech 06,SYNTEC06,Tech,2025,Q2,Q2 2025,2,8101,synthetic,72686.4,54680.8,18005.61,14106.31,268224.49,127976.93,90584.14,140247.56,18576.36,-11672.08,-4074.23,2830.04,True,182.71,5.04,157.79,6.45,5.8,82.53,83.77,synthetic_placeholder,True
SYN Tech 06,SYNTEC06,Tech,2025,Q3,Q3 2025,3,8102,synthetic,75739.82,57351.11,18388.71,14451.75,279660.1,134863.69,94151.46,144796.41,18203.02,-10497.5,-3995.28,3710.24,True,184.98,4.95,159.06,6.3,5.68,83.74,84.04,synthetic_placeholder,True
SYN Tech 06,SYNTEC06,Tech,2025,Q4,Q4 2025,4,8103,synthetic,78356.29,59710.28,18646.01,14320.14,278913.19,142350.15,85406.79,136563.04,18285.15,-9985.89,-3977.98,4321.28,True,187.15,4.7,160.35,6.3,5.66,85.12,84.13,synthetic_placeholder,True
SYN Tech 07,SYNTEC07,Tech,2024,Q1,Q1 2024,1,8096,synthetic,49529.19,36796.29,12732.91,9688.87,176214.94,85161.43,54632.1,91053.51,12894.59,-7736.75,-2578.92,2578.92,True,172.0,5.0,152.0,6.5,5.84,80.0,83.0,synthetic_placeholder,True
SYN Tech 07,SYNTEC07,Tech,2024,Q2,Q2 2024,2,8097,synthetic,50801.06,37856.59,12944.46,10519.3,188384.77,89447.73,59202.42,98937.03,13732.55,-8119.54,-2803.17,2809.83,True,174.0,4.66,153.2,6.55,5.9,83.91,83.25,synthetic_placeholder,True
SYN Tech 07,SYNTEC07,Tech,2024,Q3,Q3 2024,3,8098,synthetic,53993.43,41274.01,12719.42,10754.68,196128.75,93457.49,64284.96,102671.26,13583.66,-7846.84,-2936.33,2800.49,True,176.15,4.94,154.57,6.45,5.77,83.39,83.26,synthetic_placeholder,True
SYN Tech 07,SYNTEC07,Tech,2024,Q4,Q4 2024,4,8099,synthetic,56800.12,44273.81,12526.31,11304.42,218897.72,105302.24,70707.46,113595.48,13932.76,-7756.32,-2871.94,3304.49,True,178.17,4.58,155.56,6.55,5.93,81.96,83.25,synthetic_placeholder,True
SYN Tech 07,SYNTEC07,Tech,2025,Q1,Q1 2025,1,8100,synthetic,59875.38,47074.18,12801.2,12025.29,230524.42,108286.22,76678.97,122238.2,14512.2,-8643.86,-2967.57,2900.77,True,180.44,5.1,156.66,6.65,6.02,80.81,83.46,synthetic_placeholder,True
SYN Tech 07,SYNTEC07,Tech,2025,Q2,Q2 2025,2,8101,synthetic,63845.27,49977.79,13867.49,12539.37,253389.94,118580.53,81212.56,134809.41,16488.54,-10062.46,-3324.92,3101.16,True,182.71,5.04,157.79,6.45,5.8,82.53,83.77,synthetic_placeholder,True
SYN Tech 07,SYNTEC07,Tech,2025,Q3,Q3 2025,3,8102,synthetic,64733.32,50624.95,14108.38,12724.59,256503.61,117840.61,82413.69,138663.0,16745.24,-10116.68,-3176.75,3451.81,True,184.98,4.95,159.06,6.3,5.68,83.74,84.04,synthetic_placeholder,True
SYN Tech 07,SYNTEC07,Tech,2025,Q4,Q4 2025,4,8103,synthetic,67052.48,52357.82,14694.66,12547.83,265448.12,130363.12,80794.21,135085.0,18691.74,-11715.81,-3658.82,3317.11,True,187.15,4.7,160.35,6.3,5.66,85.12,84.13,synthetic_placeholder,True
SYN Tech 08,SYNTEC08,Tech,2024,Q1,Q1 2024,1,8096,synthetic,47188.91,35057.64,12131.27,9231.06,167888.68,81137.5,52050.7,86751.17,12285.31,-7371.18,-2457.06,2457.06,True,172.0,5.0,152.0,6.5,5.84,80.0,83.0,synthetic_placeholder,True
SYN Tech 08,SYNTEC08,Tech,2024,Q2,Q2 2024,2,8097,synthetic,49005.25,36645.51,12359.74,9367.17,173828.66,83766.53,54362.87,90062.12,12165.87,-7152.4,-2433.48,2580.0,True,174.0,4.66,153.2,6.55,5.9,83.91,83.25,synthetic_placeholder,True
SYN Tech 08,SYNTEC08,Tech,2024,Q3,Q3 2024,3,8098,synthetic,53329.45,39452.51,13876.95,10141.62,192412.55,90399.68,60886.53,102012.87,13289.03,-7738.7,-2678.59,2871.75,True,176.15,4.94,154.57,6.45,5.77,83.39,83.26,synthetic_placeholder,True
SYN Tech 08,SYNTEC08,Tech,2024,Q4,Q4 2024,4,8099,synthetic,55744.68,41074.49,14670.19,10605.13,193708.07,90811.78,62307.94,102896.3,14016.73,-8451.03,-2862.16,2703.54,True,178.17,4.58,155.56,6.55,5.93,81.96,83.25,synthetic_placeholder,True
SYN Tech 08,SYNTEC08,Tech,2025,Q1,Q1 2025,1,8100,synthetic,56977.5,42902.68,14074.83,11078.92,200113.29,97359.95,63197.34,102753.34,13265.87,-8046.13,-2877.6,2342.14,True,180.44,5.1,156.66,6.65,6.02,80.81,83.46,synthetic_placeholder,True
SYN Tech 08,SYNTEC08,Tech,2025,Q2,Q2 2025,2,8101,synthetic,58346.35,44463.23,13883.12,10882.79,211631.54,102596.19,68849.5,109035.35,12638.33,-8233.93,-2671.95,1732.44,True,182.71,5.04,157.79,6.45,5.8,82.53,83.77,synthetic_placeholder,True
SYN Tech 08,SYNTEC08,Tech,2025,Q3,Q3 2025,3,8102,synthetic,61070.74,45884.92,15185.82,11103.57,224748.44,106046.63,78154.32,118701.81,13641.04,-8932.67,-2958.27,1750.11,True,184.98,4.95,159.06,6.3,5.68,83.74,84.04,synthetic_placeholder,True
SYN Tech 08,SYNTEC08,Tech,2025,Q4,Q4 2025,4,8103,synthetic,62242.01,46578.32,15663.69,11409.19,230014.8,106928.81,83462.07,123085.99,13870.0,-9003.56,-3026.67,1839.77,True,187.15,4.7,160.35,6.3,5.66,85.12,84.13,synthetic_placeholder,True
SYN Tech 09,SYNTEC09,Tech,2024,Q1,Q1 2024,1,8096,synthetic,29931.56,22236.79,7694.77,5855.19,106490.49,51464.89,33015.36,55025.6,7792.48,-4675.48,-1558.5,1558.5,True,172.0,5.0,152.0,6.5,5.84,80.0,83.0,synthetic_placeholder,True
SYN Tech 09,SYNTEC09,Tech,2024,Q2,Q2 2024,2,8097,synthetic,31106.9,23221.87,7885.03,5919.83,116735.42,55532.2,35296.93,61203.22,8164.53,-4999.78,-1651.02,1513.74,True,174.0,4.66,153.2,6.55,5.9,83.91,83.25,synthetic_placeholder,True
SYN Tech 09,SYNTEC09,Tech,2024,Q3,Q3 2024,3,8098,synthetic,33014.51,24924.31,8090.2,6311.91,119680.11,58267.27,34554.01,61412.84,8209.41,-5109.62,-1693.38,1406.41,True,176.15,4.94,154.57,6.45,5.77,83.39,83.26,synthetic_placeholder,True
SYN Tech 09,SYNTEC09,Tech,2024,Q4,Q4 2024,4,8099,synthetic,33649.47,25346.91,8302.56,6620.4,126843.4,63704.95,35775.5,63138.45,8386.17,-5257.64,-1695.09,1433.45,True,178.17,4.58,155.56,6.55,5.93,81.96,83.25,synthetic_placeholder,True
SYN Tech 09,SYNTEC09,Tech,2025,Q1,Q1 2025,1,8100,synthetic,34302.03,25971.11,8330.93,6999.47,126756.7,63526.35,37134.01,63230.35,8206.78,-5231.08,-1661.41,1314.29,True,180.44,5.1,156.66,6.65,6.02,80.81,83.46,synthetic_placeholder,True
SYN Tech 09,SYNTEC09,Tech,2025,Q2,Q2 2025,2,8101,synthetic,33498.08,25477.33,8020.76,6699.04,131262.21,65872.5,40263.88,65389.71,7605.24,-4841.45,-1510.83,1252.96,True,182.71,5.04,157.79,6.45,5.8,82.53,83.77,synthetic_placeholder,True
SYN Tech 09,SYNTEC09,Tech,2025,Q3,Q3 2025,3,8102,synthetic,32386.32,24459.77,7926.55,6658.84,129157.03,66290.64,39615.41,62866.39,7591.12,-4892.32,-1484.2,1214.6,True,184.98,4.95,159.06,6.3,5.68,83.74,84.04,synthetic_placeholder,True
SYN Tech 09,SYNTEC09,Tech,2025,Q4,Q4 2025,4,8103,synthetic,33021.3,25221.01,7800.29,6629.68,127675.37,65789.27,39333.78,61886.09,7511.77,-4735.72,-1419.12,1356.93,True,187.15,4.7,160.35,6.3,5.66,85.12,84.13,synthetic_placeholder,True
SYN Tech 10,SYNTEC10,Tech,2024,Q1,Q1 2024,1,8096,synthetic,80787.23,60018.55,20768.68,15803.55,287424.76,138907.09,89110.6,148517.67,21032.4,-12619.44,-4206.48,4206.48,True,172.0,5.0,152.0,6.5,5.84,80.0,83.0,synthetic_placeholder,True
SYN Tech 10,SYNTEC10,Tech,2024,Q2,Q2 2024,2,8097,synthetic,84555.32,63077.34,21477.98,16089.59,287681.68,140451.21,90926.59,147230.47,21998.68,-12810.71,-4243.91,4944.06,True,174.0,4.66,153.2,6.55,5.9,83.91,83.25,synthetic_placeholder,True
SYN Tech 10,SYNTEC10,Tech,2024,Q3,Q3 2024,3,8098,synthetic,88508.86,65775.52,22733.35,17053.34,294825.07,140155.77,95633.31,154669.3,22594.98,-12872.47,-4343.8,5378.71,True,176.15,4.94,154.57,6.45,5.77,83.39,83.26,synthetic_placeholder,True
SYN Tech 10,SYNTEC10,Tech,2024,Q4,Q4 2024,4,8099,synthetic,95827.07,70597.05,25230.03,18389.13,318708.38,148693.11,107571.64,170015.27,23949.5,-13497.9,-4750.42,5701.19,True,178.17,4.58,155.56,6.55,5.93,81.96,83.25,synthetic_placeholder,True
SYN Tech 10,SYNTEC10,Tech,2025,Q1,Q1 2025,1,8100,synthetic,100293.62,73977.86,26315.77,18895.07,339033.99,153821.22,110995.34,185212.77,24446.52,-13215.02,-4659.63,6571.87,True,180.44,5.1,156.66,6.65,6.02,80.81,83.46,synthetic_placeholder,True
SYN Tech 10,SYNTEC10,Tech,2025,Q2,Q2 2025,2,8101,synthetic,111235.59,80493.09,30742.5,20468.34,382280.85,167259.0,132196.0,215021.85,29042.82,-15029.87,-5501.43,8511.53,True,182.71,5.04,157.79,6.45,5.8,82.53,83.77,synthetic_placeholder,True
SYN Tech 10,SYNTEC10,Tech,2025,Q3,Q3 2025,3,8102,synthetic,117783.08,84997.48,32785.6,23410.3,412998.9,186468.08,140011.77,226530.81,31614.18,-15957.2,-6172.61,9484.38,True,184.98,4.95,159.06,6.3,5.68,83.74,84.04,synthetic_placeholder,True
SYN Tech 10,SYNTEC10,Tech,2025,Q4,Q4 2025,4,8103,synthetic,123178.79,88613.04,34565.75,24289.22,423562.79,195188.31,143806.8,228374.47,31962.89,-16174.96,-6162.38,9625.56,True,187.15,4.7,160.35,6.3,5.66,85.12,84.13,synthetic_placeholder,True
